study,rule,width,height,boundary,density,seed,noise,noiseSeed,steps,label,finalPopulation,finalDensity,tailActivity,densitySlope,period,cycleStart,extinctAt,hammingFromBaseline
survey,B012467/S023456,48,48,wrap,0.1,soup-a,0,soup-a:noise,300,active,1574,0.6831597222222222,0.4493272569444444,0.00005101243400944707,,,,
survey,B012467/S023456,48,48,wrap,0.1,soup-b,0,soup-b:noise,300,active,1482,0.6432291666666666,0.4518012152777778,-0.00002688102019079374,,,,
survey,B012467/S023456,48,48,wrap,0.3,soup-a,0,soup-a:noise,300,active,1565,0.6792534722222222,0.45167824074074076,0.0000281834653144392,,,,
survey,B012467/S023456,48,48,wrap,0.3,soup-b,0,soup-b:noise,300,active,1513,0.6566840277777778,0.449095775462963,0.00004205209394584916,,,,
survey,B012467/S023456,48,48,wrap,0.5,soup-a,0,soup-a:noise,300,active,1538,0.6675347222222222,0.4487196180555555,-0.000010214546478960204,,,,
survey,B012467/S023456,48,48,wrap,0.5,soup-b,0,soup-b:noise,300,active,1537,0.6671006944444444,0.44602864583333335,-0.00003639610539964805,,,,
survey,B2457/S0123478,48,48,wrap,0.1,soup-a,0,soup-a:noise,300,active,1343,0.5828993055555556,0.5212818287037037,0.00004044815689543392,,,,
survey,B2457/S0123478,48,48,wrap,0.1,soup-b,0,soup-b:noise,300,active,1349,0.5855034722222222,0.5203486689814816,0.000023612847704609304,,,,
survey,B2457/S0123478,48,48,wrap,0.3,soup-a,0,soup-a:noise,300,active,1314,0.5703125,0.5187861689814814,-0.000004860049859528881,,,,
survey,B2457/S0123478,48,48,wrap,0.3,soup-b,0,soup-b:noise,300,active,1315,0.5707465277777778,0.5185908564814814,-0.000010612515822296317,,,,
survey,B2457/S0123478,48,48,wrap,0.5,soup-a,0,soup-a:noise,300,active,1319,0.5724826388888888,0.5188440393518519,0.00000797144654379303,,,,
survey,B2457/S0123478,48,48,wrap,0.5,soup-b,0,soup-b:noise,300,active,1335,0.5794270833333334,0.5195384837962963,-0.000005571570806705567,,,,
survey,B02567/S016,48,48,wrap,0.1,soup-a,0,soup-a:noise,300,active,836,0.3628472222222222,0.5441478587962963,0.000006705180451359945,,,,
survey,B02567/S016,48,48,wrap,0.1,soup-b,0,soup-b:noise,300,active,833,0.3615451388888889,0.5453052662037038,0.00006742565450279399,,,,
survey,B02567/S016,48,48,wrap,0.3,soup-a,0,soup-a:noise,300,active,872,0.3784722222222222,0.5454210069444445,-0.00005253195332036677,,,,
survey,B02567/S016,48,48,wrap,0.3,soup-b,0,soup-b:noise,300,active,800,0.3472222222222222,0.5495008680555555,-0.00003233199422679139,,,,
survey,B02567/S016,48,48,wrap,0.5,soup-a,0,soup-a:noise,300,active,813,0.3528645833333333,0.5467086226851852,0.000009177414250872156,,,,
survey,B02567/S016,48,48,wrap,0.5,soup-b,0,soup-b:noise,300,active,784,0.3402777777777778,0.5464988425925926,-0.000007151388502979222,,,,
survey,B0123/S245678,48,48,wrap,0.1,soup-a,0,soup-a:noise,300,fixed,2116,0.9184027777777778,0,0,1,1,,
survey,B0123/S245678,48,48,wrap,0.1,soup-b,0,soup-b:noise,300,fixed,2095,0.9092881944444444,0,0,1,2,,
survey,B0123/S245678,48,48,wrap,0.3,soup-a,0,soup-a:noise,300,periodic,1791,0.77734375,0.004340277777777778,0.0000010853709363712141,4,19,,
survey,B0123/S245678,48,48,wrap,0.3,soup-b,0,soup-b:noise,300,periodic,1768,0.7673611111111112,0.0030381944444444445,-6.512225618227285e-7,10,12,,
survey,B0123/S245678,48,48,wrap,0.5,soup-a,0,soup-a:noise,300,periodic,1681,0.7296006944444444,0.003269675925925926,3.7384998919452936e-7,18,27,,
survey,B0123/S245678,48,48,wrap,0.5,soup-b,0,soup-b:noise,300,periodic,1660,0.7204861111111112,0.004644097222222222,-1.6883547899107776e-7,180,22,,
survey,B123468/S0123,48,48,wrap,0.1,soup-a,0,soup-a:noise,300,active,1034,0.4487847222222222,0.795775462962963,-0.000037565894075514806,,,,
survey,B123468/S0123,48,48,wrap,0.1,soup-b,0,soup-b:noise,300,active,1035,0.44921875,0.7910228587962963,-0.00006788392223148406,,,,
survey,B123468/S0123,48,48,wrap,0.3,soup-a,0,soup-a:noise,300,active,1176,0.5104166666666666,0.7926142939814815,0.00011240824997684541,,,,
survey,B123468/S0123,48,48,wrap,0.3,soup-b,0,soup-b:noise,300,active,1118,0.4852430555555556,0.7924840856481482,0.0000611908014571949,,,,
survey,B123468/S0123,48,48,wrap,0.5,soup-a,0,soup-a:noise,300,active,1152,0.5,0.791283275462963,-0.00005880298539717823,,,,
survey,B123468/S0123,48,48,wrap,0.5,soup-b,0,soup-b:noise,300,active,1173,0.5091145833333334,0.7927806712962963,-0.0000034973063505294683,,,,
survey,B03478/S0247,48,48,wrap,0.1,soup-a,0,soup-a:noise,300,active,1093,0.4743923611111111,0.5531611689814815,0.000043680150350405976,,,,
survey,B03478/S0247,48,48,wrap,0.1,soup-b,0,soup-b:noise,300,active,1084,0.4704861111111111,0.5500217013888888,-0.000032790261955481466,,,,
survey,B03478/S0247,48,48,wrap,0.3,soup-a,0,soup-a:noise,300,active,1097,0.4761284722222222,0.5491174768518519,0.00006863162220987312,,,,
survey,B03478/S0247,48,48,wrap,0.3,soup-b,0,soup-b:noise,300,active,1111,0.4822048611111111,0.5514467592592592,-0.000009056817480164244,,,,
survey,B03478/S0247,48,48,wrap,0.5,soup-a,0,soup-a:noise,300,active,1138,0.4939236111111111,0.5495081018518518,-0.00019028964450001546,,,,
survey,B03478/S0247,48,48,wrap,0.5,soup-b,0,soup-b:noise,300,active,1071,0.46484375,0.5497757523148148,0.0000018210112376894819,,,,
survey,B27/S12468,48,48,wrap,0.1,soup-a,0,soup-a:noise,300,active,1062,0.4609375,0.033810763888888894,0.00003054716202031428,,,,
survey,B27/S12468,48,48,wrap,0.1,soup-b,0,soup-b:noise,300,active,1008,0.4375,0.06541521990740741,0.0001223816029143898,,,,
survey,B27/S12468,48,48,wrap,0.3,soup-a,0,soup-a:noise,300,active,1037,0.4500868055555556,0.059121817129629634,0.0001244558673705659,,,,
survey,B27/S12468,48,48,wrap,0.3,soup-b,0,soup-b:noise,300,active,1052,0.4565972222222222,0.059121817129629634,0.00010502772760952116,,,,
survey,B27/S12468,48,48,wrap,0.5,soup-a,0,soup-a:noise,300,active,1034,0.4487847222222222,0.07081163194444445,0.00010811500493964372,,,,
survey,B27/S12468,48,48,wrap,0.5,soup-b,0,soup-b:noise,300,active,981,0.42578125,0.0738208912037037,-0.0000538705774752246,,,,
survey,B34/S045,48,48,wrap,0.1,soup-a,0,soup-a:noise,300,periodic,103,0.04470486111111111,0.005208333333333333,0,4,9,,
survey,B34/S045,48,48,wrap,0.1,soup-b,0,soup-b:noise,300,periodic,118,0.051215277777777776,0.011284722222222222,0,4,5,,
survey,B34/S045,48,48,wrap,0.3,soup-a,0,soup-a:noise,300,active,1112,0.4826388888888889,0.49178240740740736,0.00025325321848661665,,,,
survey,B34/S045,48,48,wrap,0.3,soup-b,0,soup-b:noise,300,active,1102,0.4782986111111111,0.48417968749999996,0.0000332847087153839,,,,
survey,B34/S045,48,48,wrap,0.5,soup-a,0,soup-a:noise,300,active,1047,0.4544270833333333,0.4842230902777778,-0.00012620452054583063,,,,
survey,B34/S045,48,48,wrap,0.5,soup-b,0,soup-b:noise,300,active,1037,0.4500868055555556,0.48364438657407405,-0.00012098268037417802,,,,
survey,B01257/S4567,48,48,wrap,0.1,soup-a,0,soup-a:noise,300,periodic,1812,0.7864583333333334,0.028819444444444446,-0.000004823870828316508,30,68,,
survey,B01257/S4567,48,48,wrap,0.1,soup-b,0,soup-b:noise,300,periodic,1828,0.7934027777777778,0.01953125,0.0000042208869747769444,12,98,,
survey,B01257/S4567,48,48,wrap,0.3,soup-a,0,soup-a:noise,300,periodic,1810,0.7855902777777778,0.02893518518518519,0.0000033767095798215554,6,75,,
survey,B01257/S4567,48,48,wrap,0.3,soup-b,0,soup-b:noise,300,periodic,1833,0.7955729166666666,0.024710648148148148,0.000015050476984347505,84,97,,
survey,B01257/S4567,48,48,wrap,0.5,soup-a,0,soup-a:noise,300,periodic,1822,0.7907986111111112,0.03819444444444445,9.647741656633014e-7,6,79,,
survey,B01257/S4567,48,48,wrap,0.5,soup-b,0,soup-b:noise,300,periodic,1822,0.7907986111111112,0.021701388888888888,-0.0000021707418727424283,2,83,,
survey,B02568/S1478,48,48,wrap,0.1,soup-a,0,soup-a:noise,300,active,847,0.3676215277777778,0.5042028356481482,0.000008960340063597913,,,,
survey,B02568/S1478,48,48,wrap,0.1,soup-b,0,soup-b:noise,300,active,858,0.3723958333333333,0.503197337962963,-0.000008514132011978636,,,,
survey,B02568/S1478,48,48,wrap,0.3,soup-a,0,soup-a:noise,300,active,907,0.3936631944444444,0.5024884259259259,0.000048033693772961625,,,,
survey,B02568/S1478,48,48,wrap,0.3,soup-b,0,soup-b:noise,300,active,854,0.3706597222222222,0.5015986689814815,0.000006391628847519373,,,,
survey,B02568/S1478,48,48,wrap,0.5,soup-a,0,soup-a:noise,300,active,879,0.3815104166666667,0.5013744212962963,0.00000408823052699824,,,,
survey,B02568/S1478,48,48,wrap,0.5,soup-b,0,soup-b:noise,300,active,836,0.3628472222222222,0.5028211805555556,-0.000004003812787502701,,,,
survey,B0237/S468,48,48,wrap,0.1,soup-a,0,soup-a:noise,300,active,966,0.4192708333333333,0.5691623263888889,0.000023902279954308297,,,,
survey,B0237/S468,48,48,wrap,0.1,soup-b,0,soup-b:noise,300,active,979,0.4249131944444444,0.5677083333333334,-0.000031331041029915714,,,,
survey,B0237/S468,48,48,wrap,0.3,soup-a,0,soup-a:noise,300,active,954,0.4140625,0.569603587962963,-0.00006316858849680468,,,,
survey,B0237/S468,48,48,wrap,0.3,soup-b,0,soup-b:noise,300,active,938,0.4071180555555556,0.5698423032407408,-0.00005668048223271896,,,,
survey,B0237/S468,48,48,wrap,0.5,soup-a,0,soup-a:noise,300,active,967,0.4197048611111111,0.5691550925925926,-0.00009001342965638604,,,,
survey,B0237/S468,48,48,wrap,0.5,soup-b,0,soup-b:noise,300,active,965,0.4188368055555556,0.5683015046296296,-0.000054943888734525025,,,,
survey,B058/S0678,48,48,wrap,0.1,soup-a,0,soup-a:noise,300,active,733,0.3181423611111111,0.3821686921296296,0.00005826029992899261,,,,
survey,B058/S0678,48,48,wrap,0.1,soup-b,0,soup-b:noise,300,active,568,0.2465277777777778,0.37873987268518516,0.000022937505788644993,,,,
survey,B058/S0678,48,48,wrap,0.3,soup-a,0,soup-a:noise,300,active,636,0.2760416666666667,0.3883246527777778,0.00012879735111605078,,,,
survey,B058/S0678,48,48,wrap,0.3,soup-b,0,soup-b:noise,300,active,657,0.28515625,0.3826244212962963,0.00011653265953505602,,,,
survey,B058/S0678,48,48,wrap,0.5,soup-a,0,soup-a:noise,300,active,688,0.2986111111111111,0.3752170138888889,0.0000777607977524621,,,,
survey,B058/S0678,48,48,wrap,0.5,soup-b,0,soup-b:noise,300,active,681,0.2955729166666667,0.3779152199074074,0.00014712806026365347,,,,
survey,B03467/S145678,48,48,wrap,0.1,soup-a,0,soup-a:noise,300,fixed,2226,0.9661458333333334,0,0,1,8,,
survey,B03467/S145678,48,48,wrap,0.1,soup-b,0,soup-b:noise,300,fixed,2239,0.9717881944444444,0,0,1,9,,
survey,B03467/S145678,48,48,wrap,0.3,soup-a,0,soup-a:noise,300,fixed,2226,0.9661458333333334,0,0,1,8,,
survey,B03467/S145678,48,48,wrap,0.3,soup-b,0,soup-b:noise,300,fixed,2226,0.9661458333333334,0,0,1,7,,
survey,B03467/S145678,48,48,wrap,0.5,soup-a,0,soup-a:noise,300,fixed,2250,0.9765625,0,0,1,7,,
survey,B03467/S145678,48,48,wrap,0.5,soup-b,0,soup-b:noise,300,fixed,2234,0.9696180555555556,0,0,1,6,,
survey,B134578/S2567,48,48,wrap,0.1,soup-a,0,soup-a:noise,300,active,1611,0.69921875,0.41474971064814814,-0.00006468810780772436,,,,
survey,B134578/S2567,48,48,wrap,0.1,soup-b,0,soup-b:noise,300,active,1625,0.7052951388888888,0.41171875,-0.00020213224738353246,,,,
survey,B134578/S2567,48,48,wrap,0.3,soup-a,0,soup-a:noise,300,active,1633,0.7087673611111112,0.41180555555555554,-0.00007770049936710815,,,,
survey,B134578/S2567,48,48,wrap,0.3,soup-b,0,soup-b:noise,300,active,1642,0.7126736111111112,0.410033275462963,-0.000005740406285696644,,,,
survey,B134578/S2567,48,48,wrap,0.5,soup-a,0,soup-a:noise,300,active,1629,0.70703125,0.41278211805555554,0.00014847874409558212,,,,
survey,B134578/S2567,48,48,wrap,0.5,soup-b,0,soup-b:noise,300,active,1621,0.7035590277777778,0.4142650462962963,0.000018017157543762155,,,,
survey,B123478/S568,48,48,wrap,0.1,soup-a,0,soup-a:noise,300,active,1227,0.5325520833333334,0.5924117476851852,-0.00005176013398783613,,,,
survey,B123478/S568,48,48,wrap,0.1,soup-b,0,soup-b:noise,300,active,1229,0.5334201388888888,0.5977647569444444,-0.00001016630777067704,,,,
survey,B123478/S568,48,48,wrap,0.3,soup-a,0,soup-a:noise,300,active,1234,0.5355902777777778,0.5902343750000001,-0.00013035304945818282,,,,
survey,B123478/S568,48,48,wrap,0.3,soup-b,0,soup-b:noise,300,active,1269,0.55078125,0.5925998263888889,0.00006853514479330679,,,,
survey,B123478/S568,48,48,wrap,0.5,soup-a,0,soup-a:noise,300,active,1257,0.5455729166666666,0.5907624421296296,0.0001252879850884505,,,,
survey,B123478/S568,48,48,wrap,0.5,soup-b,0,soup-b:noise,300,active,1286,0.5581597222222222,0.5936053240740741,-0.00022341757741347907,,,,
survey,B0248/S01456,48,48,wrap,0.1,soup-a,0,soup-a:noise,300,active,1321,0.5733506944444444,0.27174479166666665,0.00012107915779074435,,,,
survey,B0248/S01456,48,48,wrap,0.1,soup-b,0,soup-b:noise,300,active,1279,0.5551215277777778,0.2784939236111111,-0.0000015074596338489087,,,,
survey,B0248/S01456,48,48,wrap,0.3,soup-a,0,soup-a:noise,300,active,1299,0.5638020833333334,0.2693142361111111,-0.0002011071748325152,,,,
survey,B0248/S01456,48,48,wrap,0.3,soup-b,0,soup-b:noise,300,active,1310,0.5685763888888888,0.2763237847222222,0.00003593783767095798,,,,
survey,B0248/S01456,48,48,wrap,0.5,soup-a,0,soup-a:noise,300,active,1302,0.5651041666666666,0.27977430555555555,-0.00021210560032107684,,,,
survey,B0248/S01456,48,48,wrap,0.5,soup-b,0,soup-b:noise,300,active,1317,0.5716145833333334,0.2761646412037037,-0.000003943514402148745,,,,
survey,B2357/S2467,48,48,wrap,0.1,soup-a,0,soup-a:noise,300,active,1260,0.546875,0.49893663194444443,-0.00002641069278503288,,,,
survey,B2357/S2467,48,48,wrap,0.1,soup-b,0,soup-b:noise,300,active,1280,0.5555555555555556,0.49472656249999997,0.000030752176530517736,,,,
survey,B2357/S2467,48,48,wrap,0.3,soup-a,0,soup-a:noise,300,active,1298,0.5633680555555556,0.49715711805555557,0.00010251931477879657,,,,
survey,B2357/S2467,48,48,wrap,0.3,soup-b,0,soup-b:noise,300,active,1313,0.5698784722222222,0.49442997685185186,0.00003204256197709241,,,,
survey,B2357/S2467,48,48,wrap,0.5,soup-a,0,soup-a:noise,300,active,1265,0.5490451388888888,0.49883535879629626,-0.0000548353516408879,,,,
survey,B2357/S2467,48,48,wrap,0.5,soup-b,0,soup-b:noise,300,active,1224,0.53125,0.49677372685185184,-0.00005354496619431324,,,,
survey,B13478/S013568,48,48,wrap,0.1,soup-a,0,soup-a:noise,300,active,1295,0.5620659722222222,0.42478298611111115,-0.00009402930212095952,,,,
survey,B13478/S013568,48,48,wrap,0.1,soup-b,0,soup-b:noise,300,active,1301,0.5646701388888888,0.4273292824074074,0.00009225652959155321,,,,
survey,B13478/S013568,48,48,wrap,0.3,soup-a,0,soup-a:noise,300,active,1285,0.5577256944444444,0.42721354166666664,-0.00002749606372140409,,,,
survey,B13478/S013568,48,48,wrap,0.3,soup-b,0,soup-b:noise,300,active,1305,0.56640625,0.4289207175925926,-0.00016661649841005215,,,,
survey,B13478/S013568,48,48,wrap,0.5,soup-a,0,soup-a:noise,300,active,1341,0.58203125,0.42649739583333335,0.00019101322512426292,,,,
survey,B13478/S013568,48,48,wrap,0.5,soup-b,0,soup-b:noise,300,active,1344,0.5833333333333334,0.427857349537037,-0.0000982019503874533,,,,
survey,B3467/S0145,48,48,wrap,0.1,soup-a,0,soup-a:noise,300,active,1285,0.5577256944444444,0.539134837962963,-0.000007440820752678212,,,,
survey,B3467/S0145,48,48,wrap,0.1,soup-b,0,soup-b:noise,300,active,1244,0.5399305555555556,0.5387225115740741,-0.00009809341329381617,,,,
survey,B3467/S0145,48,48,wrap,0.3,soup-a,0,soup-a:noise,300,active,1300,0.5642361111111112,0.5390697337962963,-0.00003042656524960637,,,,
survey,B3467/S0145,48,48,wrap,0.3,soup-b,0,soup-b:noise,300,active,1315,0.5707465277777778,0.5354311342592593,0.000054666516161896815,,,,
survey,B3467/S0145,48,48,wrap,0.5,soup-a,0,soup-a:noise,300,active,1244,0.5399305555555556,0.5388671875,-0.0001792912190114538,,,,
survey,B3467/S0145,48,48,wrap,0.5,soup-b,0,soup-b:noise,300,active,1258,0.5460069444444444,0.5394314236111111,-0.00017397290142323485,,,,
survey,B0478/S67,48,48,wrap,0.1,soup-a,0,soup-a:noise,300,active,618,0.2682291666666667,0.45260416666666664,0.0001432689636010003,,,,
survey,B0478/S67,48,48,wrap,0.1,soup-b,0,soup-b:noise,300,active,567,0.24609375,0.4503038194444444,-0.00001005777067703992,,,,
survey,B0478/S67,48,48,wrap,0.3,soup-a,0,soup-a:noise,300,active,507,0.22005208333333334,0.4539858217592593,-0.000010190427124818623,,,,
survey,B0478/S67,48,48,wrap,0.3,soup-b,0,soup-b:noise,300,active,524,0.22743055555555555,0.45277054398148153,-0.00000389527569386558,,,,
survey,B0478/S67,48,48,wrap,0.5,soup-a,0,soup-a:noise,300,active,610,0.2647569444444444,0.4547309027777778,-0.00008124604442592077,,,,
survey,B0478/S67,48,48,wrap,0.5,soup-b,0,soup-b:noise,300,active,601,0.2608506944444444,0.4512803819444444,-0.0000067413594825723196,,,,
survey,B467/S01236,48,48,wrap,0.1,soup-a,0,soup-a:noise,300,fixed,205,0.08897569444444445,0,0,1,19,,
survey,B467/S01236,48,48,wrap,0.1,soup-b,0,soup-b:noise,300,fixed,228,0.09895833333333333,0,0,1,5,,
survey,B467/S01236,48,48,wrap,0.3,soup-a,0,soup-a:noise,300,periodic,372,0.16145833333333334,0.0033275462962962963,1.2059677070791267e-7,6,154,,
survey,B467/S01236,48,48,wrap,0.3,soup-b,0,soup-b:noise,300,periodic,406,0.1762152777777778,0.006076388888888889,-0.0000011456693217251706,24,130,,
survey,B467/S01236,48,48,wrap,0.5,soup-a,0,soup-a:noise,300,periodic,397,0.1723090277777778,0.007523148148148148,-4.823870828316507e-7,6,165,,
survey,B467/S01236,48,48,wrap,0.5,soup-b,0,soup-b:noise,300,periodic,368,0.1597222222222222,0.00535300925925926,-3.617903121237381e-7,6,186,,
survey,B1247/S023467,48,48,wrap,0.1,soup-a,0,soup-a:noise,300,active,1319,0.5724826388888888,0.3199869791666667,-0.00005162747754005742,,,,
survey,B1247/S023467,48,48,wrap,0.1,soup-b,0,soup-b:noise,300,active,1314,0.5703125,0.3197410300925926,-0.000027291049211200646,,,,
survey,B1247/S023467,48,48,wrap,0.3,soup-a,0,soup-a:noise,300,active,1318,0.5720486111111112,0.3189814814814815,0.000050421509832978295,,,,
survey,B1247/S023467,48,48,wrap,0.3,soup-b,0,soup-b:noise,300,active,1330,0.5772569444444444,0.3214192708333333,0.00006514637553641444,,,,
survey,B1247/S023467,48,48,wrap,0.5,soup-a,0,soup-a:noise,300,active,1363,0.5915798611111112,0.3172743055555556,0.000046236801889413726,,,,
survey,B1247/S023467,48,48,wrap,0.5,soup-b,0,soup-b:noise,300,active,1350,0.5859375,0.3199869791666667,-0.000021502404217220834,,,,
survey,B348/S01567,48,48,wrap,0.1,soup-a,0,soup-a:noise,300,active,918,0.3984375,0.5398582175925926,-0.00020725761013861874,,,,
survey,B348/S01567,48,48,wrap,0.1,soup-b,0,soup-b:noise,300,active,935,0.4058159722222222,0.5398292824074074,-0.00023850423342903893,,,,
survey,B348/S01567,48,48,wrap,0.3,soup-a,0,soup-a:noise,300,active,881,0.3823784722222222,0.5312644675925926,-0.00013898777824086937,,,,
survey,B348/S01567,48,48,wrap,0.3,soup-b,0,soup-b:noise,300,active,929,0.4032118055555556,0.5303313078703704,0.0002036155876632398,,,,
survey,B348/S01567,48,48,wrap,0.5,soup-a,0,soup-a:noise,300,active,896,0.3888888888888889,0.5322265625,-0.00015101127628044828,,,,
survey,B348/S01567,48,48,wrap,0.5,soup-b,0,soup-b:noise,300,active,939,0.4075520833333333,0.5380280671296296,0.00020660638757679604,,,,
survey,B012568/S23567,48,48,wrap,0.1,soup-a,0,soup-a:noise,300,active,1656,0.71875,0.3207320601851852,-0.00005930949183415146,,,,
survey,B012568/S23567,48,48,wrap,0.1,soup-b,0,soup-b:noise,300,active,1639,0.7113715277777778,0.3224826388888889,-0.0000547026951931092,,,,
survey,B012568/S23567,48,48,wrap,0.3,soup-a,0,soup-a:noise,300,active,1661,0.7209201388888888,0.3207320601851852,0.000014326896360100027,,,,
survey,B012568/S23567,48,48,wrap,0.3,soup-b,0,soup-b:noise,300,active,1625,0.7052951388888888,0.3203559027777778,0.00001121549967583588,,,,
survey,B012568/S23567,48,48,wrap,0.5,soup-a,0,soup-a:noise,300,active,1570,0.6814236111111112,0.3215060763888889,-0.00009571765691087031,,,,
survey,B012568/S23567,48,48,wrap,0.5,soup-b,0,soup-b:noise,300,active,1625,0.7052951388888888,0.31807002314814814,-0.00006883663672007657,,,,
survey,B123458/S01346,48,48,wrap,0.1,soup-a,0,soup-a:noise,300,active,1352,0.5868055555555556,0.6403211805555555,-0.00005347260813188849,,,,
survey,B123458/S01346,48,48,wrap,0.1,soup-b,0,soup-b:noise,300,active,1238,0.5373263888888888,0.6406539351851852,-0.000037035268284399986,,,,
survey,B123458/S01346,48,48,wrap,0.3,soup-a,0,soup-a:noise,300,active,1360,0.5902777777777778,0.6379557291666667,-0.00009291981183044672,,,,
survey,B123458/S01346,48,48,wrap,0.3,soup-b,0,soup-b:noise,300,active,1507,0.6540798611111112,0.641724537037037,-0.000011818483529375443,,,,
survey,B123458/S01346,48,48,wrap,0.5,soup-a,0,soup-a:noise,300,active,1371,0.5950520833333334,0.6427951388888888,-0.00007760402195054182,,,,
survey,B123458/S01346,48,48,wrap,0.5,soup-b,0,soup-b:noise,300,active,1293,0.5611979166666666,0.6411024305555555,-0.00006046722083294742,,,,
survey,B012348/S8,48,48,wrap,0.1,soup-a,0,soup-a:noise,300,active,1180,0.5121527777777778,0.951490162037037,0.00003757795375258559,,,,
survey,B012348/S8,48,48,wrap,0.1,soup-b,0,soup-b:noise,300,active,1111,0.4822048611111111,0.9634548611111112,-0.000004739453088820969,,,,
survey,B012348/S8,48,48,wrap,0.3,soup-a,0,soup-a:noise,300,active,1163,0.5047743055555556,0.9683955439814815,0.00001443543345373715,,,,
survey,B012348/S8,48,48,wrap,0.3,soup-b,0,soup-b:noise,300,active,1095,0.4752604166666667,0.9554615162037037,-0.000033200290975888363,,,,
survey,B012348/S8,48,48,wrap,0.5,soup-a,0,soup-a:noise,300,active,1224,0.53125,0.9679542824074073,0.00006608703034793617,,,,
survey,B012348/S8,48,48,wrap,0.5,soup-b,0,soup-b:noise,300,active,1146,0.4973958333333333,0.9563657407407408,-0.000014785164088790097,,,,
survey,B0/S034678,48,48,wrap,0.1,soup-a,0,soup-a:noise,300,periodic,557,0.2417534722222222,0.06886574074074074,0.0000019898467166805597,12,27,,
survey,B0/S034678,48,48,wrap,0.1,soup-b,0,soup-b:noise,300,periodic,550,0.2387152777777778,0.046875,0.000006632822388935198,12,26,,
survey,B0/S034678,48,48,wrap,0.3,soup-a,0,soup-a:noise,300,periodic,569,0.24696180555555555,0.061038773148148144,-0.000006946373992775771,84,25,,
survey,B0/S034678,48,48,wrap,0.3,soup-b,0,soup-b:noise,300,periodic,575,0.2495659722222222,0.05092592592592592,0.000019054289771850203,6,28,,
survey,B0/S034678,48,48,wrap,0.5,soup-a,0,soup-a:noise,300,periodic,602,0.2612847222222222,0.05380497685185185,0.0000031958144237596864,60,28,,
survey,B0/S034678,48,48,wrap,0.5,soup-b,0,soup-b:noise,300,periodic,569,0.24696180555555555,0.058275462962962966,0.0000021707418727424283,60,25,,
survey,B0278/S126,48,48,wrap,0.1,soup-a,0,soup-a:noise,300,active,813,0.3528645833333333,0.41903211805555557,0.00006691914806582075,,,,
survey,B0278/S126,48,48,wrap,0.1,soup-b,0,soup-b:noise,300,active,848,0.3680555555555556,0.42097077546296297,-0.000011975259331295731,,,,
survey,B0278/S126,48,48,wrap,0.3,soup-a,0,soup-a:noise,300,active,773,0.3355034722222222,0.41947337962962966,0.000012011438362508103,,,,
survey,B0278/S126,48,48,wrap,0.3,soup-b,0,soup-b:noise,300,active,833,0.3615451388888889,0.4211009837962963,-0.000021321509061158964,,,,
survey,B0278/S126,48,48,wrap,0.5,soup-a,0,soup-a:noise,300,active,753,0.3268229166666667,0.41731047453703707,-0.00008474335077645024,,,,
survey,B0278/S126,48,48,wrap,0.5,soup-b,0,soup-b:noise,300,active,728,0.3159722222222222,0.4185040509259259,-0.000020368794572566453,,,,
survey,B013578/S2568,48,48,wrap,0.1,soup-a,0,soup-a:noise,300,active,1097,0.4761284722222222,0.5374131944444445,0.00006204703852922107,,,,
survey,B013578/S2568,48,48,wrap,0.1,soup-b,0,soup-b:noise,300,active,1111,0.4822048611111111,0.5375361689814815,0.0000014833402797073262,,,,
survey,B013578/S2568,48,48,wrap,0.3,soup-a,0,soup-a:noise,300,active,1084,0.4704861111111111,0.5377314814814815,0.0000273513475965546,,,,
survey,B013578/S2568,48,48,wrap,0.3,soup-b,0,soup-b:noise,300,active,1107,0.48046875,0.536082175925926,0.0002699076325213794,,,,
survey,B013578/S2568,48,48,wrap,0.5,soup-a,0,soup-a:noise,300,active,1076,0.4670138888888889,0.5354094328703703,-0.0002010951151554444,,,,
survey,B013578/S2568,48,48,wrap,0.5,soup-b,0,soup-b:noise,300,active,1096,0.4756944444444444,0.5392288773148148,0.00017496179494303973,,,,
survey,B0234568/S023567,48,48,wrap,0.1,soup-a,0,soup-a:noise,300,active,1694,0.7352430555555556,0.34337384259259257,-0.00003201844262295082,,,,
survey,B0234568/S023567,48,48,wrap,0.1,soup-b,0,soup-b:noise,300,active,1759,0.7634548611111112,0.34261429398148147,0.000007356403013182674,,,,
survey,B0234568/S023567,48,48,wrap,0.3,soup-a,0,soup-a:noise,300,active,1740,0.7552083333333334,0.3450593171296296,-0.000010142188416535458,,,,
survey,B0234568/S023567,48,48,wrap,0.3,soup-b,0,soup-b:noise,300,active,1754,0.7612847222222222,0.3462890625,-0.000007537298169244544,,,,
survey,B0234568/S023567,48,48,wrap,0.5,soup-a,0,soup-a:noise,300,active,1779,0.7721354166666666,0.34479890046296297,0.00007197215275848229,,,,
survey,B0234568/S023567,48,48,wrap,0.5,soup-b,0,soup-b:noise,300,active,1762,0.7647569444444444,0.34134837962962966,0.00009716481815936526,,,,
survey,B0124678/S1346,48,48,wrap,0.1,soup-a,0,soup-a:noise,300,active,1352,0.5868055555555556,0.4919632523148148,-0.00002386610092309592,,,,
survey,B0124678/S1346,48,48,wrap,0.1,soup-b,0,soup-b:noise,300,active,1342,0.5824652777777778,0.49340277777777775,0.000044669043870210865,,,,
survey,B0124678/S1346,48,48,wrap,0.3,soup-a,0,soup-a:noise,300,active,1370,0.5946180555555556,0.4931568287037037,-0.00008423684433947701,,,,
survey,B0124678/S1346,48,48,wrap,0.3,soup-b,0,soup-b:noise,300,active,1359,0.58984375,0.4954644097222222,-0.000002508412830724584,,,,
survey,B0124678/S1346,48,48,wrap,0.5,soup-a,0,soup-a:noise,300,active,1346,0.5842013888888888,0.49081307870370366,-0.0000490346469698373,,,,
survey,B0124678/S1346,48,48,wrap,0.5,soup-b,0,soup-b:noise,300,active,1348,0.5850694444444444,0.492115162037037,-0.000015749938254453397,,,,
survey,B03458/S123478,48,48,wrap,0.1,soup-a,0,soup-a:noise,300,active,1385,0.6011284722222222,0.5250940393518518,-0.000009189473927942947,,,,
survey,B03458/S123478,48,48,wrap,0.1,soup-b,0,soup-b:noise,300,active,1344,0.5833333333333334,0.5257089120370371,0.000008200580408138063,,,,
survey,B03458/S123478,48,48,wrap,0.3,soup-a,0,soup-a:noise,300,active,1335,0.5794270833333334,0.5258174189814815,-0.000020730584884690193,,,,
survey,B03458/S123478,48,48,wrap,0.3,soup-b,0,soup-b:noise,300,active,1360,0.5902777777777778,0.5237485532407408,-0.00003081247491587169,,,,
survey,B03458/S123478,48,48,wrap,0.5,soup-a,0,soup-a:noise,300,active,1416,0.6145833333333334,0.5240596064814815,-0.00004015872464573493,,,,
survey,B03458/S123478,48,48,wrap,0.5,soup-b,0,soup-b:noise,300,active,1371,0.5950520833333334,0.5247685185185185,0.0000826087879349202,,,,
survey,B16/S168,48,48,wrap,0.1,soup-a,0,soup-a:noise,300,active,604,0.2621527777777778,0.41625434027777775,0.00012214040937297396,,,,
survey,B16/S168,48,48,wrap,0.1,soup-b,0,soup-b:noise,300,active,592,0.2569444444444444,0.414525462962963,0.000027640779846253586,,,,
survey,B16/S168,48,48,wrap,0.3,soup-a,0,soup-a:noise,300,active,501,0.21744791666666666,0.41983506944444443,-0.00007203245114383626,,,,
survey,B16/S168,48,48,wrap,0.3,soup-b,0,soup-b:noise,300,active,548,0.2378472222222222,0.4144820601851852,0.00004031550044765521,,,,
survey,B16/S168,48,48,wrap,0.5,soup-a,0,soup-a:noise,300,active,574,0.24913194444444445,0.41506076388888885,-0.000028943224969899047,,,,
survey,B16/S168,48,48,wrap,0.5,soup-b,0,soup-b:noise,300,active,654,0.2838541666666667,0.41375868055555554,0.0000444760890370782,,,,
survey,B1468/S0123478,48,48,wrap,0.1,soup-a,0,soup-a:noise,300,active,1194,0.5182291666666666,0.4052445023148148,-0.00005742818221110803,,,,
survey,B1468/S0123478,48,48,wrap,0.1,soup-b,0,soup-b:noise,300,active,1231,0.5342881944444444,0.4007161458333333,0.00007023555926028836,,,,
survey,B1468/S0123478,48,48,wrap,0.3,soup-a,0,soup-a:noise,300,active,1223,0.5308159722222222,0.4037543402777778,-0.00002749606372140409,,,,
survey,B1468/S0123478,48,48,wrap,0.3,soup-b,0,soup-b:noise,300,active,1177,0.5108506944444444,0.4039279513888889,-0.000016377041462134543,,,,
survey,B1468/S0123478,48,48,wrap,0.5,soup-a,0,soup-a:noise,300,active,1198,0.5199652777777778,0.40376880787037034,-0.00004735835185699731,,,,
survey,B1468/S0123478,48,48,wrap,0.5,soup-b,0,soup-b:noise,300,active,1204,0.5225694444444444,0.40422453703703703,0.0000044017821308388135,,,,
survey,B248/S01257,48,48,wrap,0.1,soup-a,0,soup-a:noise,300,active,1003,0.4353298611111111,0.4840350115740741,-0.00004113555848846902,,,,
survey,B248/S01257,48,48,wrap,0.1,soup-b,0,soup-b:noise,300,active,992,0.4305555555555556,0.48310908564814814,0.00001321740606958723,,,,
survey,B248/S01257,48,48,wrap,0.3,soup-a,0,soup-a:noise,300,active,979,0.4249131944444444,0.4829571759259259,-0.000007296104627828717,,,,
survey,B248/S01257,48,48,wrap,0.3,soup-b,0,soup-b:noise,300,active,975,0.4231770833333333,0.4867042824074074,0.00009036316029143898,,,,
survey,B248/S01257,48,48,wrap,0.5,soup-a,0,soup-a:noise,300,active,980,0.4253472222222222,0.4840422453703704,-0.000027761376616961505,,,,
survey,B248/S01257,48,48,wrap,0.5,soup-b,0,soup-b:noise,300,active,947,0.4110243055555556,0.48559751157407405,0.00003309175388225124,,,,
survey,B0123578/S03678,48,48,wrap,0.1,soup-a,0,soup-a:noise,300,periodic,2299,0.9978298611111112,0.001736111111111111,0,4,4,,
survey,B0123578/S03678,48,48,wrap,0.1,soup-b,0,soup-b:noise,300,fixed,2304,1,0,0,1,7,,
survey,B0123578/S03678,48,48,wrap,0.3,soup-a,0,soup-a:noise,300,active,1190,0.5164930555555556,0.5884114583333333,-0.000028581434657775307,,,,
survey,B0123578/S03678,48,48,wrap,0.3,soup-b,0,soup-b:noise,300,active,1199,0.5203993055555556,0.5911385995370371,-0.0000018089515606186904,,,,
survey,B0123578/S03678,48,48,wrap,0.5,soup-a,0,soup-a:noise,300,active,1200,0.5208333333333334,0.5862919560185185,-0.00023677969960791577,,,,
survey,B0123578/S03678,48,48,wrap,0.5,soup-b,0,soup-b:noise,300,active,1211,0.5256076388888888,0.5865668402777778,-0.00027500887592232413,,,,
survey,B478/S0358,48,48,wrap,0.1,soup-a,0,soup-a:noise,300,fixed,118,0.051215277777777776,0,0,1,2,,
survey,B478/S0358,48,48,wrap,0.1,soup-b,0,soup-b:noise,300,fixed,118,0.051215277777777776,0,0,1,2,,
survey,B478/S0358,48,48,wrap,0.3,soup-a,0,soup-a:noise,300,fixed,57,0.024739583333333332,0,0,1,6,,
survey,B478/S0358,48,48,wrap,0.3,soup-b,0,soup-b:noise,300,fixed,69,0.029947916666666668,0,0,1,8,,
survey,B478/S0358,48,48,wrap,0.5,soup-a,0,soup-a:noise,300,fixed,58,0.025173611111111112,0,0,1,8,,
survey,B478/S0358,48,48,wrap,0.5,soup-b,0,soup-b:noise,300,fixed,59,0.025607638888888888,0,0,1,9,,
survey,B2345/S1378,48,48,wrap,0.1,soup-a,0,soup-a:noise,300,active,1180,0.5121527777777778,0.7293113425925926,0.00015172279722762495,,,,
survey,B2345/S1378,48,48,wrap,0.1,soup-b,0,soup-b:noise,300,active,1133,0.4917534722222222,0.730519386574074,0.00003471981028680806,,,,
survey,B2345/S1378,48,48,wrap,0.3,soup-a,0,soup-a:noise,300,active,1172,0.5086805555555556,0.7300781249999999,-0.000024083175110370167,,,,
survey,B2345/S1378,48,48,wrap,0.3,soup-b,0,soup-b:noise,300,active,1187,0.5151909722222222,0.7301432291666666,-0.00007181537695656201,,,,
survey,B2345/S1378,48,48,wrap,0.5,soup-a,0,soup-a:noise,300,active,1134,0.4921875,0.7342592592592593,0.0000669915061282455,,,,
survey,B2345/S1378,48,48,wrap,0.5,soup-b,0,soup-b:noise,300,active,1208,0.5243055555555556,0.729369212962963,-0.000009249772313296903,,,,
survey,B1467/S134578,48,48,wrap,0.1,soup-a,0,soup-a:noise,300,active,1578,0.6848958333333334,0.3911747685185185,0.000004124409558210615,,,,
survey,B1467/S134578,48,48,wrap,0.1,soup-b,0,soup-b:noise,300,active,1584,0.6875,0.39115306712962966,0.000021381807446512922,,,,
survey,B1467/S134578,48,48,wrap,0.3,soup-a,0,soup-a:noise,300,active,1543,0.6697048611111112,0.3899450231481481,0.000020754704238831775,,,,
survey,B1467/S134578,48,48,wrap,0.3,soup-b,0,soup-b:noise,300,active,1521,0.66015625,0.3892505787037037,-0.00012672308665987467,,,,
survey,B1467/S134578,48,48,wrap,0.5,soup-a,0,soup-a:noise,300,active,1554,0.6744791666666666,0.39077690972222223,0.0000100818900311815,,,,
survey,B1467/S134578,48,48,wrap,0.5,soup-b,0,soup-b:noise,300,active,1553,0.6740451388888888,0.38865017361111115,-0.00004873315504306752,,,,
survey,B014578/S0234678,48,48,wrap,0.1,soup-a,0,soup-a:noise,300,periodic,2277,0.98828125,0.015625,0.0000014471612484949524,2,17,,
survey,B014578/S0234678,48,48,wrap,0.1,soup-b,0,soup-b:noise,300,periodic,2289,0.9934895833333334,0.006944444444444444,0.0000014471612484949524,2,18,,
survey,B014578/S0234678,48,48,wrap,0.3,soup-a,0,soup-a:noise,300,periodic,2301,0.9986979166666666,0.001736111111111111,0,2,23,,
survey,B014578/S0234678,48,48,wrap,0.3,soup-b,0,soup-b:noise,300,fixed,2304,1,0,0,1,21,,
survey,B014578/S0234678,48,48,wrap,0.5,soup-a,0,soup-a:noise,300,periodic,2292,0.9947916666666666,0.003472222222222222,0,2,23,,
survey,B014578/S0234678,48,48,wrap,0.5,soup-b,0,soup-b:noise,300,fixed,2304,1,0,0,1,19,,
survey,B01567/S12357,48,48,wrap,0.1,soup-a,0,soup-a:noise,300,active,995,0.4318576388888889,0.2994502314814815,-0.00034335106588249823,,,,
survey,B01567/S12357,48,48,wrap,0.1,soup-b,0,soup-b:noise,300,active,1089,0.47265625,0.311009837962963,-0.00011572466117131303,,,,
survey,B01567/S12357,48,48,wrap,0.3,soup-a,0,soup-a:noise,300,active,1057,0.4587673611111111,0.31631944444444443,0.000251094536290945,,,,
survey,B01567/S12357,48,48,wrap,0.3,soup-b,0,soup-b:noise,300,active,1080,0.46875,0.30109230324074077,0.000009575383594208268,,,,
survey,B01567/S12357,48,48,wrap,0.5,soup-a,0,soup-a:noise,300,active,1027,0.4457465277777778,0.3118634259259259,-0.00009472876339106543,,,,
survey,B01567/S12357,48,48,wrap,0.5,soup-b,0,soup-b:noise,300,active,1059,0.4596354166666667,0.3130570023148148,-0.000162986535611744,,,,
survey,B014567/S0134567,48,48,wrap,0.1,soup-a,0,soup-a:noise,300,active,1636,0.7100694444444444,0.30680700231481484,0.00014972089083387362,,,,
survey,B014567/S0134567,48,48,wrap,0.1,soup-b,0,soup-b:noise,300,active,1723,0.7478298611111112,0.3140552662037037,0.000006234853045599086,,,,
survey,B014567/S0134567,48,48,wrap,0.3,soup-a,0,soup-a:noise,300,active,1694,0.7352430555555556,0.33482349537037037,0.0003794095003241641,,,,
survey,B014567/S0134567,48,48,wrap,0.3,soup-b,0,soup-b:noise,300,active,1726,0.7491319444444444,0.2427879050925926,0.00018334327050723966,,,,
survey,B014567/S0134567,48,48,wrap,0.5,soup-a,0,soup-a:noise,300,active,1717,0.7452256944444444,0.3203125,0.00005892358216788614,,,,
survey,B014567/S0134567,48,48,wrap,0.5,soup-b,0,soup-b:noise,300,active,1738,0.7543402777777778,0.2841362847222222,0.0003335706677780865,,,,
survey,B0245/S014,48,48,wrap,0.1,soup-a,0,soup-a:noise,300,active,1066,0.4626736111111111,0.6353009259259259,0.0000982140100645241,,,,
survey,B0245/S014,48,48,wrap,0.1,soup-b,0,soup-b:noise,300,active,1090,0.4730902777777778,0.6372323495370371,0.00008053452347874409,,,,
survey,B0245/S014,48,48,wrap,0.3,soup-a,0,soup-a:noise,300,active,1095,0.4752604166666667,0.6357349537037037,0.0000337067974128616,,,,
survey,B0245/S014,48,48,wrap,0.3,soup-b,0,soup-b:noise,300,active,1052,0.4565972222222222,0.6367766203703704,-0.00005086771788459757,,,,
survey,B0245/S014,48,48,wrap,0.5,soup-a,0,soup-a:noise,300,active,1074,0.4661458333333333,0.6351056134259259,0.00004662271155567905,,,,
survey,B0245/S014,48,48,wrap,0.5,soup-b,0,soup-b:noise,300,active,1115,0.4839409722222222,0.6349103009259259,0.000023878160600166714,,,,
survey,B01234/S068,48,48,wrap,0.1,soup-a,0,soup-a:noise,300,active,1155,0.5013020833333334,0.7631293402777778,-0.00004451226806829058,,,,
survey,B01234/S068,48,48,wrap,0.1,soup-b,0,soup-b:noise,300,active,1188,0.515625,0.7664207175925926,0.00003924218918835479,,,,
survey,B01234/S068,48,48,wrap,0.3,soup-a,0,soup-a:noise,300,active,1144,0.4965277777777778,0.7649667245370371,-0.00000799556589793461,,,,
survey,B01234/S068,48,48,wrap,0.3,soup-b,0,soup-b:noise,300,active,1109,0.4813368055555556,0.7674189814814816,-7.597596554598499e-7,,,,
survey,B01234/S068,48,48,wrap,0.5,soup-a,0,soup-a:noise,300,active,1159,0.5030381944444444,0.7661603009259259,0.000041678243956654624,,,,
survey,B01234/S068,48,48,wrap,0.5,soup-b,0,soup-b:noise,300,active,1073,0.4657118055555556,0.7639250578703703,0.000058742687011824275,,,,
survey,B36/S3568,48,48,wrap,0.1,soup-a,0,soup-a:noise,300,extinct,0,0,0,0,1,5,5,
survey,B36/S3568,48,48,wrap,0.1,soup-b,0,soup-b:noise,300,periodic,4,0.001736111111111111,0.0026041666666666665,0,2,6,,
survey,B36/S3568,48,48,wrap,0.3,soup-a,0,soup-a:noise,300,periodic,8,0.003472222222222222,0.001736111111111111,0,2,19,,
survey,B36/S3568,48,48,wrap,0.3,soup-b,0,soup-b:noise,300,extinct,0,0,0,0,1,17,17,
survey,B36/S3568,48,48,wrap,0.5,soup-a,0,soup-a:noise,300,periodic,4,0.001736111111111111,0.0026041666666666665,0,2,23,,
survey,B36/S3568,48,48,wrap,0.5,soup-b,0,soup-b:noise,300,extinct,0,0,0,0,1,26,26,
survey,B038/S01356,48,48,wrap,0.1,soup-a,0,soup-a:noise,300,active,899,0.3901909722222222,0.35711805555555554,0.00002241893967460097,,,,
survey,B038/S01356,48,48,wrap,0.1,soup-b,0,soup-b:noise,300,active,917,0.3980034722222222,0.3567853009259259,-0.00012934003658423635,,,,
survey,B038/S01356,48,48,wrap,0.3,soup-a,0,soup-a:noise,300,active,871,0.3780381944444444,0.3530815972222222,-0.000012011438362508103,,,,
survey,B038/S01356,48,48,wrap,0.3,soup-b,0,soup-b:noise,300,active,918,0.3984375,0.3576388888888889,0.00007708545583649779,,,,
survey,B038/S01356,48,48,wrap,0.5,soup-a,0,soup-a:noise,300,active,931,0.4040798611111111,0.3572193287037037,0.0000504094501559075,,,,
survey,B038/S01356,48,48,wrap,0.5,soup-b,0,soup-b:noise,300,active,895,0.3884548611111111,0.3567418981481481,-0.00007288868821586243,,,,
survey,B1347/S12345,48,48,wrap,0.1,soup-a,0,soup-a:noise,300,active,1295,0.5620659722222222,0.38522135416666664,-0.00004319776326757433,,,,
survey,B1347/S12345,48,48,wrap,0.1,soup-b,0,soup-b:noise,300,active,1337,0.5802951388888888,0.3841218171296296,-0.00007702515745114384,,,,
survey,B1347/S12345,48,48,wrap,0.3,soup-a,0,soup-a:noise,300,active,1333,0.5785590277777778,0.3787181712962963,0.000015508744713037573,,,,
survey,B1347/S12345,48,48,wrap,0.3,soup-b,0,soup-b:noise,300,active,1306,0.5668402777777778,0.3830367476851852,-0.000042305347164335774,,,,
survey,B1347/S12345,48,48,wrap,0.5,soup-a,0,soup-a:noise,300,active,1265,0.5490451388888888,0.3853443287037037,-0.000048914050199129385,,,,
survey,B1347/S12345,48,48,wrap,0.5,soup-b,0,soup-b:noise,300,active,1339,0.5811631944444444,0.38621961805555555,0.00002396257833966225,,,,
survey,B0468/S0124578,48,48,wrap,0.1,soup-a,0,soup-a:noise,300,active,1198,0.5199652777777778,0.3453631365740741,0.00011022544842703221,,,,
survey,B0468/S0124578,48,48,wrap,0.1,soup-b,0,soup-b:noise,300,active,1242,0.5390625,0.34091435185185187,0.00029127738029082156,,,,
survey,B0468/S0124578,48,48,wrap,0.3,soup-a,0,soup-a:noise,300,active,1169,0.5073784722222222,0.33991608796296297,0.00042553776511994074,,,,
survey,B0468/S0124578,48,48,wrap,0.3,soup-b,0,soup-b:noise,300,active,1233,0.53515625,0.34728009259259257,0.0000830308766323979,,,,
survey,B0468/S0124578,48,48,wrap,0.5,soup-a,0,soup-a:noise,300,active,1239,0.5377604166666666,0.3485894097222222,-0.0003470172077120188,,,,
survey,B0468/S0124578,48,48,wrap,0.5,soup-b,0,soup-b:noise,300,active,1176,0.5104166666666666,0.3412326388888889,0.00010266403090364608,,,,
survey,B0125/S2478,48,48,wrap,0.1,soup-a,0,soup-a:noise,300,active,1006,0.4366319444444444,0.49199942129629626,-0.00003469569093266648,,,,
survey,B0125/S2478,48,48,wrap,0.1,soup-b,0,soup-b:noise,300,active,1005,0.4361979166666667,0.4924551504629629,0.00006216763529992899,,,,
survey,B0125/S2478,48,48,wrap,0.3,soup-a,0,soup-a:noise,300,active,1011,0.4388020833333333,0.4893156828703704,0.0000280387491895897,,,,
survey,B0125/S2478,48,48,wrap,0.3,soup-b,0,soup-b:noise,300,active,983,0.4266493055555556,0.49181857638888893,-0.00005067476305146491,,,,
survey,B0125/S2478,48,48,wrap,0.5,soup-a,0,soup-a:noise,300,active,1020,0.4427083333333333,0.49025607638888885,0.000013036510913525363,,,,
survey,B0125/S2478,48,48,wrap,0.5,soup-b,0,soup-b:noise,300,active,993,0.4309895833333333,0.4939236111111111,0.000011034604519774011,,,,
survey,B35/S358,48,48,wrap,0.1,soup-a,0,soup-a:noise,300,extinct,0,0,0,0,1,5,5,
survey,B35/S358,48,48,wrap,0.1,soup-b,0,soup-b:noise,300,periodic,4,0.001736111111111111,0.0026041666666666665,0,2,4,,
survey,B35/S358,48,48,wrap,0.3,soup-a,0,soup-a:noise,300,periodic,4,0.001736111111111111,0.0026041666666666665,0,2,36,,
survey,B35/S358,48,48,wrap,0.3,soup-b,0,soup-b:noise,300,extinct,0,0,0,0,1,29,29,
survey,B35/S358,48,48,wrap,0.5,soup-a,0,soup-a:noise,300,extinct,0,0,0,0,1,33,33,
survey,B35/S358,48,48,wrap,0.5,soup-b,0,soup-b:noise,300,extinct,0,0,0,0,1,35,35,
survey,B0234/S01347,48,48,wrap,0.1,soup-a,0,soup-a:noise,300,active,1281,0.5559895833333334,0.5533781828703703,0.00005253195332036677,,,,
survey,B0234/S01347,48,48,wrap,0.1,soup-b,0,soup-b:noise,300,active,1241,0.5386284722222222,0.5545355902777778,0.000007633775585810873,,,,
survey,B0234/S01347,48,48,wrap,0.3,soup-a,0,soup-a:noise,300,active,1332,0.578125,0.5532479745370371,-0.00005171189527955296,,,,
survey,B0234/S01347,48,48,wrap,0.3,soup-b,0,soup-b:noise,300,active,1115,0.4839409722222222,0.5529658564814814,-0.00009922702293847056,,,,
survey,B0234/S01347,48,48,wrap,0.5,soup-a,0,soup-a:noise,300,active,1111,0.4822048611111111,0.5546079282407407,0.00003587753928560402,,,,
survey,B0234/S01347,48,48,wrap,0.5,soup-b,0,soup-b:noise,300,active,1192,0.5173611111111112,0.5511935763888889,0.00013518897996357012,,,,
survey,B03468/S237,48,48,wrap,0.1,soup-a,0,soup-a:noise,300,active,1126,0.4887152777777778,0.5979600694444445,-0.0000015195193109196999,,,,
survey,B03468/S237,48,48,wrap,0.1,soup-b,0,soup-b:noise,300,active,1060,0.4600694444444444,0.6000940393518518,-0.00006166112886295577,,,,
survey,B03468/S237,48,48,wrap,0.3,soup-a,0,soup-a:noise,300,active,1120,0.4861111111111111,0.5951822916666667,0.00006064811598900929,,,,
survey,B03468/S237,48,48,wrap,0.3,soup-b,0,soup-b:noise,300,active,1081,0.4691840277777778,0.5926866319444444,-0.0001086938694390417,,,,
survey,B03468/S237,48,48,wrap,0.5,soup-a,0,soup-a:noise,300,active,1083,0.4700520833333333,0.5963614004629629,0.00008161989441511531,,,,
survey,B03468/S237,48,48,wrap,0.5,soup-b,0,soup-b:noise,300,active,1062,0.4609375,0.5967086226851852,0.000025590634744219073,,,,
survey,B0145678/S248,48,48,wrap,0.1,soup-a,0,soup-a:noise,300,active,1135,0.4926215277777778,0.6277850115740741,0.00015860887283504678,,,,
survey,B0145678/S248,48,48,wrap,0.1,soup-b,0,soup-b:noise,300,active,1169,0.5073784722222222,0.6274956597222222,-0.000004498259547405143,,,,
survey,B0145678/S248,48,48,wrap,0.3,soup-a,0,soup-a:noise,300,active,1151,0.4995659722222222,0.6268012152777778,0.00016966759670896238,,,,
survey,B0145678/S248,48,48,wrap,0.3,soup-b,0,soup-b:noise,300,active,1136,0.4930555555555556,0.6255353009259259,-0.00005172395495662375,,,,
survey,B0145678/S248,48,48,wrap,0.5,soup-a,0,soup-a:noise,300,active,1171,0.5082465277777778,0.6260127314814814,0.00015880182766817944,,,,
survey,B0145678/S248,48,48,wrap,0.5,soup-b,0,soup-b:noise,300,active,1197,0.51953125,0.6264973958333333,0.000030788355561730114,,,,
survey,B025678/S01357,48,48,wrap,0.1,soup-a,0,soup-a:noise,300,active,1163,0.5047743055555556,0.48104745370370366,0.00012214040937297396,,,,
survey,B025678/S01357,48,48,wrap,0.1,soup-b,0,soup-b:noise,300,active,1112,0.4826388888888889,0.48509837962962965,-0.000051663656571269795,,,,
survey,B025678/S01357,48,48,wrap,0.3,soup-a,0,soup-a:noise,300,active,1078,0.4678819444444444,0.4750217013888889,0.00003145163780062363,,,,
survey,B025678/S01357,48,48,wrap,0.3,soup-b,0,soup-b:noise,300,active,1158,0.5026041666666666,0.48021556712962965,-0.000028931165292828258,,,,
survey,B025678/S01357,48,48,wrap,0.5,soup-a,0,soup-a:noise,300,active,1128,0.4895833333333333,0.47891348379629634,-0.00008486394754715816,,,,
survey,B025678/S01357,48,48,wrap,0.5,soup-b,0,soup-b:noise,300,active,1133,0.4917534722222222,0.48267505787037035,0.000124045838350159,,,,
survey,B0138/S2478,48,48,wrap,0.1,soup-a,0,soup-a:noise,300,active,951,0.4127604166666667,0.4606626157407407,0.000004003812787502701,,,,
survey,B0138/S2478,48,48,wrap,0.1,soup-b,0,soup-b:noise,300,active,976,0.4236111111111111,0.4626736111111111,0.000053146996850977126,,,,
survey,B0138/S2478,48,48,wrap,0.3,soup-a,0,soup-a:noise,300,active,989,0.4292534722222222,0.4601056134259259,0.00005381027908987065,,,,
survey,B0138/S2478,48,48,wrap,0.3,soup-b,0,soup-b:noise,300,active,959,0.4162326388888889,0.462818287037037,-0.000038639205334815225,,,,
survey,B0138/S2478,48,48,wrap,0.5,soup-a,0,soup-a:noise,300,active,945,0.41015625,0.46257957175925923,0.000014085702818684201,,,,
survey,B0138/S2478,48,48,wrap,0.5,soup-b,0,soup-b:noise,300,active,924,0.4010416666666667,0.4621166087962963,-0.000003533485381741842,,,,
survey,B1246/S0136,48,48,wrap,0.1,soup-a,0,soup-a:noise,300,active,1153,0.5004340277777778,0.5791594328703704,-0.000013603315735852551,,,,
survey,B1246/S0136,48,48,wrap,0.1,soup-b,0,soup-b:noise,300,active,1137,0.4934895833333333,0.5810185185185186,0.000017534770460930507,,,,
survey,B1246/S0136,48,48,wrap,0.3,soup-a,0,soup-a:noise,300,active,1071,0.46484375,0.5816623263888889,0.000043716329381618354,,,,
survey,B1246/S0136,48,48,wrap,0.3,soup-b,0,soup-b:noise,300,active,1081,0.4691840277777778,0.581300636574074,-0.00005512478389058689,,,,
survey,B1246/S0136,48,48,wrap,0.5,soup-a,0,soup-a:noise,300,active,1046,0.4539930555555556,0.5815104166666667,0.00004284803263252138,,,,
survey,B1246/S0136,48,48,wrap,0.5,soup-b,0,soup-b:noise,300,active,1052,0.4565972222222222,0.5799768518518519,-0.00006752213191936032,,,,
survey,B46/S01247,48,48,wrap,0.1,soup-a,0,soup-a:noise,300,periodic,199,0.08637152777777778,0.0008680555555555555,0,2,1,,
survey,B46/S01247,48,48,wrap,0.1,soup-b,0,soup-b:noise,300,periodic,233,0.10112847222222222,0.005208333333333333,0,2,4,,
survey,B46/S01247,48,48,wrap,0.3,soup-a,0,soup-a:noise,300,periodic,355,0.1540798611111111,0.009982638888888888,0,4,28,,
survey,B46/S01247,48,48,wrap,0.3,soup-b,0,soup-b:noise,300,periodic,352,0.1527777777777778,0.010850694444444444,0,4,29,,
survey,B46/S01247,48,48,wrap,0.5,soup-a,0,soup-a:noise,300,periodic,336,0.14583333333333334,0.0026041666666666665,0,2,29,,
survey,B46/S01247,48,48,wrap,0.5,soup-b,0,soup-b:noise,300,periodic,332,0.1440972222222222,0.007378472222222222,0,4,31,,
survey,B034/S137,48,48,wrap,0.1,soup-a,0,soup-a:noise,300,active,973,0.4223090277777778,0.5676070601851851,0.00006163700950881417,,,,
survey,B034/S137,48,48,wrap,0.1,soup-b,0,soup-b:noise,300,active,1030,0.4470486111111111,0.5673683449074074,0.000016666473711833533,,,,
survey,B034/S137,48,48,wrap,0.3,soup-a,0,soup-a:noise,300,active,960,0.4166666666666667,0.5664858217592593,0.0001084285565434843,,,,
survey,B034/S137,48,48,wrap,0.3,soup-b,0,soup-b:noise,300,active,957,0.4153645833333333,0.5652994791666667,0.00003885627952208947,,,,
survey,B034/S137,48,48,wrap,0.5,soup-a,0,soup-a:noise,300,active,914,0.3967013888888889,0.5659360532407408,0.00003692673119076286,,,,
survey,B034/S137,48,48,wrap,0.5,soup-b,0,soup-b:noise,300,active,949,0.4118923611111111,0.5692708333333333,-0.000056186035472816525,,,,
survey,B1367/S014,48,48,wrap,0.1,soup-a,0,soup-a:noise,300,active,915,0.3971354166666667,0.518431712962963,0.00002765283952332438,,,,
survey,B1367/S014,48,48,wrap,0.1,soup-b,0,soup-b:noise,300,active,854,0.3706597222222222,0.5206958912037037,0.000003087277330122565,,,,
survey,B1367/S014,48,48,wrap,0.3,soup-a,0,soup-a:noise,300,active,918,0.3984375,0.5193214699074074,0.000034261542558118,,,,
survey,B1367/S014,48,48,wrap,0.3,soup-b,0,soup-b:noise,300,active,948,0.4114583333333333,0.5217158564814814,0.00009165354573801364,,,,
survey,B1367/S014,48,48,wrap,0.5,soup-a,0,soup-a:noise,300,active,884,0.3836805555555556,0.5203703703703704,-0.0000958623730357198,,,,
survey,B1367/S014,48,48,wrap,0.5,soup-b,0,soup-b:noise,300,active,931,0.4040798611111111,0.5173394097222223,0.0000669915061282455,,,,
survey,B02368/S267,48,48,wrap,0.1,soup-a,0,soup-a:noise,300,active,927,0.40234375,0.6249855324074074,0.000029232657219598033,,,,
survey,B02368/S267,48,48,wrap,0.1,soup-b,0,soup-b:noise,300,active,1050,0.4557291666666667,0.623972800925926,-0.00006573729971288321,,,,
survey,B02368/S267,48,48,wrap,0.3,soup-a,0,soup-a:noise,300,active,977,0.4240451388888889,0.6213324652777777,0.00004690008412830725,,,,
survey,B02368/S267,48,48,wrap,0.3,soup-b,0,soup-b:noise,300,active,959,0.4162326388888889,0.6238642939814816,-0.00010144600351949615,,,,
survey,B02368/S267,48,48,wrap,0.5,soup-a,0,soup-a:noise,300,active,986,0.4279513888888889,0.623046875,-0.00004604384705628107,,,,
survey,B02368/S267,48,48,wrap,0.5,soup-b,0,soup-b:noise,300,active,1021,0.4431423611111111,0.6243561921296297,-0.000010564277114013152,,,,
survey,B368/S01346,48,48,wrap,0.1,soup-a,0,soup-a:noise,300,active,1098,0.4765625,0.33705873842592593,0.00004615238414991819,,,,
survey,B368/S01346,48,48,wrap,0.1,soup-b,0,soup-b:noise,300,active,1105,0.4796006944444444,0.3356915509259259,-0.00007405847689172918,,,,
survey,B368/S01346,48,48,wrap,0.3,soup-a,0,soup-a:noise,300,active,1117,0.4848090277777778,0.3367332175925926,0.00009852756166836468,,,,
survey,B368/S01346,48,48,wrap,0.3,soup-b,0,soup-b:noise,300,active,1119,0.4856770833333333,0.3355107060185185,0.00020148102482170973,,,,
survey,B368/S01346,48,48,wrap,0.5,soup-a,0,soup-a:noise,300,active,1169,0.5073784722222222,0.3365596064814815,0.00004095466333240715,,,,
survey,B368/S01346,48,48,wrap,0.5,soup-b,0,soup-b:noise,300,active,1112,0.4826388888888889,0.335423900462963,0.00014253332329968203,,,,
survey,B1237/S23578,48,48,wrap,0.1,soup-a,0,soup-a:noise,300,active,1183,0.5134548611111112,0.4092954282407407,0.00004933613889660708,,,,
survey,B1237/S23578,48,48,wrap,0.1,soup-b,0,soup-b:noise,300,active,1156,0.5017361111111112,0.40851417824074077,0.00002080294294711494,,,,
survey,B1237/S23578,48,48,wrap,0.3,soup-a,0,soup-a:noise,300,active,1148,0.4982638888888889,0.4107421875,-0.00002468615896390973,,,,
survey,B1237/S23578,48,48,wrap,0.3,soup-b,0,soup-b:noise,300,active,1132,0.4913194444444444,0.41038773148148144,-0.000039519561760982986,,,,
survey,B1237/S23578,48,48,wrap,0.5,soup-a,0,soup-a:noise,300,active,1175,0.5099826388888888,0.4142650462962963,-0.000002423995091229045,,,,
survey,B1237/S23578,48,48,wrap,0.5,soup-b,0,soup-b:noise,300,active,1153,0.5004340277777778,0.41279658564814814,0.00003869950372016918,,,,
survey,B0137/S35,48,48,wrap,0.1,soup-a,0,soup-a:noise,300,active,933,0.4049479166666667,0.4850043402777778,-0.000054292666172702296,,,,
survey,B0137/S35,48,48,wrap,0.1,soup-b,0,soup-b:noise,300,active,909,0.39453125,0.4863208912037037,0.000014121881849896577,,,,
survey,B0137/S35,48,48,wrap,0.3,soup-a,0,soup-a:noise,300,active,905,0.3927951388888889,0.48488859953703706,0.000042040034268778364,,,,
survey,B0137/S35,48,48,wrap,0.3,soup-b,0,soup-b:noise,300,active,984,0.4270833333333333,0.48809317129629626,0.000006355449816306998,,,,
survey,B0137/S35,48,48,wrap,0.5,soup-a,0,soup-a:noise,300,active,895,0.3884548611111111,0.48566984953703707,0.00004293245037201692,,,,
survey,B0137/S35,48,48,wrap,0.5,soup-b,0,soup-b:noise,300,active,895,0.3884548611111111,0.48663917824074077,0.00003463539254731253,,,,
survey,B012478/S24567,48,48,wrap,0.1,soup-a,0,soup-a:noise,300,active,1601,0.6948784722222222,0.12689525462962964,0.00015934451313636503,,,,
survey,B012478/S24567,48,48,wrap,0.1,soup-b,0,soup-b:noise,300,active,1608,0.6979166666666666,0.13076533564814816,0.0000225154170911673,,,,
survey,B012478/S24567,48,48,wrap,0.3,soup-a,0,soup-a:noise,300,active,1623,0.7044270833333334,0.14071903935185184,-0.000025047949276033464,,,,
survey,B012478/S24567,48,48,wrap,0.3,soup-b,0,soup-b:noise,300,active,1623,0.7044270833333334,0.10009403935185185,-0.00005684931771171004,,,,
survey,B012478/S24567,48,48,wrap,0.5,soup-a,0,soup-a:noise,300,active,1637,0.7105034722222222,0.12483362268518519,0.000024203771881078075,,,,
survey,B012478/S24567,48,48,wrap,0.5,soup-b,0,soup-b:noise,300,active,1609,0.6983506944444444,0.13229890046296297,-0.000040930543978265566,,,,
survey,B0178/S01248,48,48,wrap,0.1,soup-a,0,soup-a:noise,300,periodic,746,0.3237847222222222,0.00390625,0.0000010853709363712141,2,15,,
survey,B0178/S01248,48,48,wrap,0.1,soup-b,0,soup-b:noise,300,periodic,752,0.3263888888888889,0.007667824074074074,-0.0000030149192676978173,6,19,,
survey,B0178/S01248,48,48,wrap,0.3,soup-a,0,soup-a:noise,300,periodic,741,0.3216145833333333,0.00390625,-0.0000010853709363712141,2,13,,
survey,B0178/S01248,48,48,wrap,0.3,soup-b,0,soup-b:noise,300,periodic,747,0.32421875,0.005642361111111111,0.0000025325321848661663,2,13,,
survey,B0178/S01248,48,48,wrap,0.5,soup-a,0,soup-a:noise,300,periodic,757,0.3285590277777778,0.00390625,0.0000032561128091136424,2,12,,
survey,B0178/S01248,48,48,wrap,0.5,soup-b,0,soup-b:noise,300,periodic,744,0.3229166666666667,0.004340277777777778,0.000003617903121237381,4,14,,
survey,B12458/S04678,48,48,wrap,0.1,soup-a,0,soup-a:noise,300,active,1261,0.5473090277777778,0.5729528356481481,0.00012437144963107038,,,,
survey,B12458/S04678,48,48,wrap,0.1,soup-b,0,soup-b:noise,300,active,1282,0.5564236111111112,0.5665798611111111,0.0003224275261646754,,,,
survey,B12458/S04678,48,48,wrap,0.3,soup-a,0,soup-a:noise,300,active,1288,0.5590277777777778,0.5639467592592592,0.00013450157837053504,,,,
survey,B12458/S04678,48,48,wrap,0.3,soup-b,0,soup-b:noise,300,active,1213,0.5264756944444444,0.5618923611111111,-0.00041292334290389304,,,,
survey,B12458/S04678,48,48,wrap,0.5,soup-a,0,soup-a:noise,300,active,1218,0.5286458333333334,0.5695095486111111,-0.0003671448087431694,,,,
survey,B12458/S04678,48,48,wrap,0.5,soup-b,0,soup-b:noise,300,active,1218,0.5286458333333334,0.5690538194444444,-0.00023759975764872958,,,,
survey,B0458/S0134,48,48,wrap,0.1,soup-a,0,soup-a:noise,300,active,859,0.3728298611111111,0.34696180555555556,0.00019113382189497082,,,,
survey,B0458/S0134,48,48,wrap,0.1,soup-b,0,soup-b:noise,300,active,922,0.4001736111111111,0.344212962962963,0.0004465939612855422,,,,
survey,B0458/S0134,48,48,wrap,0.3,soup-a,0,soup-a:noise,300,active,867,0.3763020833333333,0.34489293981481484,0.0003148902279954309,,,,
survey,B0458/S0134,48,48,wrap,0.3,soup-b,0,soup-b:noise,300,active,856,0.3715277777777778,0.3353298611111111,-0.00014482466194313235,,,,
survey,B0458/S0134,48,48,wrap,0.5,soup-a,0,soup-a:noise,300,active,835,0.3624131944444444,0.34181857638888885,-0.00013196904618566888,,,,
survey,B0458/S0134,48,48,wrap,0.5,soup-b,0,soup-b:noise,300,active,909,0.39453125,0.3512659143518519,-0.00016151525500910746,,,,
survey,B35/S3567,48,48,wrap,0.1,soup-a,0,soup-a:noise,300,extinct,0,0,0,0,1,5,5,
survey,B35/S3567,48,48,wrap,0.1,soup-b,0,soup-b:noise,300,periodic,4,0.001736111111111111,0.0026041666666666665,0,2,6,,
survey,B35/S3567,48,48,wrap,0.3,soup-a,0,soup-a:noise,300,extinct,0,0,0,0,1,60,60,
survey,B35/S3567,48,48,wrap,0.3,soup-b,0,soup-b:noise,300,extinct,0,0,0,0,1,47,47,
survey,B35/S3567,48,48,wrap,0.5,soup-a,0,soup-a:noise,300,periodic,4,0.001736111111111111,0.0026041666666666665,0,2,177,,
survey,B35/S3567,48,48,wrap,0.5,soup-b,0,soup-b:noise,300,extinct,0,0,0,0,1,155,155,
survey,B678/S123578,48,48,wrap,0.1,soup-a,0,soup-a:noise,300,fixed,92,0.03993055555555555,0,0,1,1,,
survey,B678/S123578,48,48,wrap,0.1,soup-b,0,soup-b:noise,300,fixed,126,0.0546875,0,0,1,1,,
survey,B678/S123578,48,48,wrap,0.3,soup-a,0,soup-a:noise,300,fixed,508,0.2204861111111111,0,0,1,3,,
survey,B678/S123578,48,48,wrap,0.3,soup-b,0,soup-b:noise,300,fixed,502,0.21788194444444445,0,0,1,6,,
survey,B678/S123578,48,48,wrap,0.5,soup-a,0,soup-a:noise,300,fixed,547,0.23741319444444445,0,0,1,5,,
survey,B678/S123578,48,48,wrap,0.5,soup-b,0,soup-b:noise,300,fixed,534,0.23177083333333334,0,0,1,7,,
survey,B01248/S0124568,48,48,wrap,0.1,soup-a,0,soup-a:noise,300,active,1395,0.60546875,0.1622829861111111,0.00011074401454107622,,,,
survey,B01248/S0124568,48,48,wrap,0.1,soup-b,0,soup-b:noise,300,active,1428,0.6197916666666666,0.17118778935185186,0.00015385736006915502,,,,
survey,B01248/S0124568,48,48,wrap,0.3,soup-a,0,soup-a:noise,300,active,1403,0.6089409722222222,0.15773292824074076,-0.0002502503588959896,,,,
survey,B01248/S0124568,48,48,wrap,0.3,soup-b,0,soup-b:noise,300,active,1419,0.6158854166666666,0.18017939814814815,-0.000015243431817480164,,,,
survey,B01248/S0124568,48,48,wrap,0.5,soup-a,0,soup-a:noise,300,active,1436,0.6232638888888888,0.16575520833333332,0.00009209975378963293,,,,
survey,B01248/S0124568,48,48,wrap,0.5,soup-b,0,soup-b:noise,300,active,1404,0.609375,0.17257667824074074,0.00005951450634435491,,,,
survey,B067/S1346,48,48,wrap,0.1,soup-a,0,soup-a:noise,300,periodic,651,0.2825520833333333,0.035669849537037036,-0.000003955574079219536,108,24,,
survey,B067/S1346,48,48,wrap,0.1,soup-b,0,soup-b:noise,300,periodic,672,0.2916666666666667,0.031901041666666664,0.000005969540150041679,12,51,,
survey,B067/S1346,48,48,wrap,0.3,soup-a,0,soup-a:noise,300,periodic,650,0.2821180555555556,0.03720341435185185,-0.000002098383810317681,42,32,,
survey,B067/S1346,48,48,wrap,0.3,soup-b,0,soup-b:noise,300,periodic,685,0.2973090277777778,0.03197337962962963,0.000008562370720261801,6,23,,
survey,B067/S1346,48,48,wrap,0.5,soup-a,0,soup-a:noise,300,periodic,662,0.2873263888888889,0.033130787037037035,-0.0000018089515606186904,6,30,,
survey,B067/S1346,48,48,wrap,0.5,soup-b,0,soup-b:noise,300,periodic,659,0.2860243055555556,0.02980324074074074,-0.00000578864499397981,6,27,,
survey,B01468/S06,48,48,wrap,0.1,soup-a,0,soup-a:noise,300,active,759,0.3294270833333333,0.5802445023148148,-0.0000075252384921737526,,,,
survey,B01468/S06,48,48,wrap,0.1,soup-b,0,soup-b:noise,300,active,800,0.3472222222222222,0.5799406828703704,0.00004757542604427156,,,,
survey,B01468/S06,48,48,wrap,0.3,soup-a,0,soup-a:noise,300,active,804,0.3489583333333333,0.580324074074074,-0.00004970998888580161,,,,
survey,B01468/S06,48,48,wrap,0.3,soup-b,0,soup-b:noise,300,active,744,0.3229166666666667,0.5801721643518518,-0.00008581666203575066,,,,
survey,B01468/S06,48,48,wrap,0.5,soup-a,0,soup-a:noise,300,active,839,0.3641493055555556,0.5797670717592592,0.00003450273609953382,,,,
survey,B01468/S06,48,48,wrap,0.5,soup-b,0,soup-b:noise,300,active,785,0.3407118055555556,0.5797309027777778,-0.00006784774320027167,,,,
survey,B145678/S0134678,48,48,wrap,0.1,soup-a,0,soup-a:noise,300,fixed,2304,1,0,0,1,10,,
survey,B145678/S0134678,48,48,wrap,0.1,soup-b,0,soup-b:noise,300,fixed,2304,1,0,0,1,11,,
survey,B145678/S0134678,48,48,wrap,0.3,soup-a,0,soup-a:noise,300,fixed,2304,1,0,0,1,10,,
survey,B145678/S0134678,48,48,wrap,0.3,soup-b,0,soup-b:noise,300,fixed,2304,1,0,0,1,10,,
survey,B145678/S0134678,48,48,wrap,0.5,soup-a,0,soup-a:noise,300,fixed,2304,1,0,0,1,9,,
survey,B145678/S0134678,48,48,wrap,0.5,soup-b,0,soup-b:noise,300,fixed,2304,1,0,0,1,10,,
survey,B01235/S34568,48,48,wrap,0.1,soup-a,0,soup-a:noise,300,periodic,1588,0.6892361111111112,0.0036168981481481486,0.0000014471612484949524,12,18,,
survey,B01235/S34568,48,48,wrap,0.1,soup-b,0,soup-b:noise,300,periodic,1585,0.6879340277777778,0.0023148148148148147,9.647741656633014e-7,3,17,,
survey,B01235/S34568,48,48,wrap,0.3,soup-a,0,soup-a:noise,300,periodic,1576,0.6840277777777778,0.0011574074074074073,0.0000014471612484949524,3,19,,
survey,B01235/S34568,48,48,wrap,0.3,soup-b,0,soup-b:noise,300,periodic,1587,0.6888020833333334,0.004918981481481482,-0.000001205967707079127,6,17,,
survey,B01235/S34568,48,48,wrap,0.5,soup-a,0,soup-a:noise,300,periodic,1577,0.6844618055555556,0.004340277777777778,0.0000014471612484949524,6,15,,
survey,B01235/S34568,48,48,wrap,0.5,soup-b,0,soup-b:noise,300,periodic,1573,0.6827256944444444,0.00882523148148148,0.0000013265644777870396,6,17,,
survey,B235678/S012,48,48,wrap,0.1,soup-a,0,soup-a:noise,300,active,1008,0.4375,0.7153356481481482,-0.000052712848476428636,,,,
survey,B235678/S012,48,48,wrap,0.1,soup-b,0,soup-b:noise,300,active,1057,0.4587673611111111,0.7115162037037037,0.00009798487620017905,,,,
survey,B235678/S012,48,48,wrap,0.3,soup-a,0,soup-a:noise,300,active,944,0.4097222222222222,0.7126663773148149,-0.00010242283736223024,,,,
survey,B235678/S012,48,48,wrap,0.3,soup-b,0,soup-b:noise,300,active,1076,0.4670138888888889,0.7119285300925926,0.000042630958445247135,,,,
survey,B235678/S012,48,48,wrap,0.5,soup-a,0,soup-a:noise,300,active,1015,0.4405381944444444,0.7154730902777778,0.00003154811521718996,,,,
survey,B235678/S012,48,48,wrap,0.5,soup-b,0,soup-b:noise,300,active,961,0.4171006944444444,0.7143952546296296,-0.000024842934765830015,,,,
survey,B01348/S56,48,48,wrap,0.1,soup-a,0,soup-a:noise,300,active,988,0.4288194444444444,0.6898148148148148,-0.000059128596678089594,,,,
survey,B01348/S56,48,48,wrap,0.1,soup-b,0,soup-b:noise,300,active,957,0.4153645833333333,0.6888599537037038,-0.00003708350699268315,,,,
survey,B01348/S56,48,48,wrap,0.3,soup-a,0,soup-a:noise,300,active,984,0.4270833333333333,0.6859302662037038,-0.000041678243956654624,,,,
survey,B01348/S56,48,48,wrap,0.3,soup-b,0,soup-b:noise,300,active,958,0.4157986111111111,0.6870442708333333,-0.00004402988098545892,,,,
survey,B01348/S56,48,48,wrap,0.5,soup-a,0,soup-a:noise,300,active,1002,0.4348958333333333,0.6887297453703703,0.000037782968262789044,,,,
survey,B01348/S56,48,48,wrap,0.5,soup-b,0,soup-b:noise,300,active,941,0.4084201388888889,0.685300925925926,0.000022527476768238092,,,,
survey,B12368/S034678,48,48,wrap,0.1,soup-a,0,soup-a:noise,300,active,1322,0.5737847222222222,0.3485315393518518,-0.00003402034901670217,,,,
survey,B12368/S034678,48,48,wrap,0.1,soup-b,0,soup-b:noise,300,active,1419,0.6158854166666666,0.342650462962963,-0.000025240904109166126,,,,
survey,B12368/S034678,48,48,wrap,0.3,soup-a,0,soup-a:noise,300,active,1321,0.5733506944444444,0.35939670138888885,-0.0003574488283782532,,,,
survey,B12368/S034678,48,48,wrap,0.3,soup-b,0,soup-b:noise,300,active,1339,0.5811631944444444,0.35907118055555554,-0.000027544302429687256,,,,
survey,B12368/S034678,48,48,wrap,0.5,soup-a,0,soup-a:noise,300,active,1348,0.5850694444444444,0.3519675925925926,0.0001869129349201939,,,,
survey,B12368/S034678,48,48,wrap,0.5,soup-b,0,soup-b:noise,300,active,1337,0.5802951388888888,0.34479166666666666,-0.00007574683168163997,,,,
survey,B024567/S0136,48,48,wrap,0.1,soup-a,0,soup-a:noise,300,active,1336,0.5798611111111112,0.734620949074074,-0.00005885122410546139,,,,
survey,B024567/S0136,48,48,wrap,0.1,soup-b,0,soup-b:noise,300,active,1280,0.5555555555555556,0.7356553819444445,-0.00006055163857244296,,,,
survey,B024567/S0136,48,48,wrap,0.3,soup-a,0,soup-a:noise,300,active,1309,0.5681423611111112,0.7361617476851852,0.00003104160878021673,,,,
survey,B024567/S0136,48,48,wrap,0.3,soup-b,0,soup-b:noise,300,active,1353,0.5872395833333334,0.7347728587962963,0.00012564977540057424,,,,
survey,B024567/S0136,48,48,wrap,0.5,soup-a,0,soup-a:noise,300,active,1319,0.5724826388888888,0.7361906828703704,0.0000624329481954864,,,,
survey,B024567/S0136,48,48,wrap,0.5,soup-b,0,soup-b:noise,300,active,1319,0.5724826388888888,0.7361689814814816,-0.0000034249482881047207,,,,
survey,B124678/S12458,48,48,wrap,0.1,soup-a,0,soup-a:noise,300,active,1337,0.5802951388888888,0.49528356481481484,0.00005557099194220617,,,,
survey,B124678/S12458,48,48,wrap,0.1,soup-b,0,soup-b:noise,300,active,1338,0.5807291666666666,0.4933666087962963,0.0000495893921150937,,,,
survey,B124678/S12458,48,48,wrap,0.3,soup-a,0,soup-a:noise,300,active,1357,0.5889756944444444,0.4958695023148148,-0.000018161873668611653,,,,
survey,B124678/S12458,48,48,wrap,0.3,soup-b,0,soup-b:noise,300,active,1320,0.5729166666666666,0.4916304976851852,-0.00001741417369022259,,,,
survey,B124678/S12458,48,48,wrap,0.5,soup-a,0,soup-a:noise,300,active,1366,0.5928819444444444,0.4914785879629629,0.00009036316029143898,,,,
survey,B124678/S12458,48,48,wrap,0.5,soup-b,0,soup-b:noise,300,active,1351,0.5863715277777778,0.49461082175925924,0.000039495442406841407,,,,
survey,B1256/S0268,48,48,wrap,0.1,soup-a,0,soup-a:noise,300,active,903,0.3919270833333333,0.5810474537037037,0.000012771198017967954,,,,
survey,B1256/S0268,48,48,wrap,0.1,soup-b,0,soup-b:noise,300,active,970,0.4210069444444444,0.5803096064814814,-0.00005374998070451668,,,,
survey,B1256/S0268,48,48,wrap,0.3,soup-a,0,soup-a:noise,300,active,967,0.4197048611111111,0.5821397569444444,-0.00003567252477540057,,,,
survey,B1256/S0268,48,48,wrap,0.3,soup-b,0,soup-b:noise,300,active,973,0.4223090277777778,0.5796730324074074,-0.000038410071470470194,,,,
survey,B1256/S0268,48,48,wrap,0.5,soup-a,0,soup-a:noise,300,active,1012,0.4392361111111111,0.5781177662037037,0.000020573809082769905,,,,
survey,B1256/S0268,48,48,wrap,0.5,soup-b,0,soup-b:noise,300,active,921,0.3997395833333333,0.5826750578703703,0.000010009531968756753,,,,
survey,B2568/S0247,48,48,wrap,0.1,soup-a,0,soup-a:noise,300,active,929,0.4032118055555556,0.44631076388888885,-0.00009546440369238369,,,,
survey,B2568/S0247,48,48,wrap,0.1,soup-b,0,soup-b:noise,300,active,956,0.4149305555555556,0.4439742476851852,0.00003394799095427742,,,,
survey,B2568/S0247,48,48,wrap,0.3,soup-a,0,soup-a:noise,300,active,933,0.4049479166666667,0.44474103009259264,0.00014963647309437807,,,,
survey,B2568/S0247,48,48,wrap,0.3,soup-b,0,soup-b:noise,300,active,986,0.4279513888888889,0.4475332754629629,0.000010311023895526535,,,,
survey,B2568/S0247,48,48,wrap,0.5,soup-a,0,soup-a:noise,300,active,979,0.4249131944444444,0.4471064814814815,0.00003081247491587169,,,,
survey,B2568/S0247,48,48,wrap,0.5,soup-b,0,soup-b:noise,300,active,966,0.4192708333333333,0.44707754629629626,0.00004471728257849402,,,,
survey,B38/S2,48,48,wrap,0.1,soup-a,0,soup-a:noise,300,extinct,0,0,0,0,1,5,5,
survey,B38/S2,48,48,wrap,0.1,soup-b,0,soup-b:noise,300,periodic,13,0.005642361111111111,0.005208333333333333,0,2,5,,
survey,B38/S2,48,48,wrap,0.3,soup-a,0,soup-a:noise,300,periodic,12,0.005208333333333333,0.006944444444444444,0,2,12,,
survey,B38/S2,48,48,wrap,0.3,soup-b,0,soup-b:noise,300,periodic,10,0.004340277777777778,0.003472222222222222,0,2,14,,
survey,B38/S2,48,48,wrap,0.5,soup-a,0,soup-a:noise,300,periodic,6,0.0026041666666666665,0.003472222222222222,0,2,10,,
survey,B38/S2,48,48,wrap,0.5,soup-b,0,soup-b:noise,300,periodic,9,0.00390625,0.005208333333333333,0,2,10,,
survey,B456/S1245,48,48,wrap,0.1,soup-a,0,soup-a:noise,300,fixed,79,0.03428819444444445,0,0,1,4,,
survey,B456/S1245,48,48,wrap,0.1,soup-b,0,soup-b:noise,300,periodic,119,0.05164930555555555,0.003472222222222222,0,2,4,,
survey,B456/S1245,48,48,wrap,0.3,soup-a,0,soup-a:noise,300,periodic,188,0.08159722222222222,0.007378472222222222,0,4,51,,
survey,B456/S1245,48,48,wrap,0.3,soup-b,0,soup-b:noise,300,periodic,140,0.06076388888888889,0.00853587962962963,4.823870828316507e-7,12,48,,
survey,B456/S1245,48,48,wrap,0.5,soup-a,0,soup-a:noise,300,periodic,98,0.042534722222222224,0.0008680555555555555,0,2,65,,
survey,B456/S1245,48,48,wrap,0.5,soup-b,0,soup-b:noise,300,periodic,129,0.055989583333333336,0.004340277777777778,0,2,59,,
survey,B456/S01234568,48,48,wrap,0.1,soup-a,0,soup-a:noise,300,fixed,226,0.09809027777777778,0,0,1,16,,
survey,B456/S01234568,48,48,wrap,0.1,soup-b,0,soup-b:noise,300,fixed,256,0.1111111111111111,0,0,1,6,,
survey,B456/S01234568,48,48,wrap,0.3,soup-a,0,soup-a:noise,300,active,1646,0.7144097222222222,0.333984375,-0.0000058007046710506,,,,
survey,B456/S01234568,48,48,wrap,0.3,soup-b,0,soup-b:noise,300,active,1692,0.734375,0.3354962384259259,-0.00007729047034670124,,,,
survey,B456/S01234568,48,48,wrap,0.5,soup-a,0,soup-a:noise,300,active,1716,0.7447916666666666,0.34210792824074077,-0.000028834687876261924,,,,
survey,B456/S01234568,48,48,wrap,0.5,soup-b,0,soup-b:noise,300,active,1673,0.7261284722222222,0.33761574074074074,0.000006765478836713902,,,,
survey,B012345/S0157,48,48,wrap,0.1,soup-a,0,soup-a:noise,300,active,1252,0.5434027777777778,0.7189236111111111,0.00005485947099502948,,,,
survey,B012345/S0157,48,48,wrap,0.1,soup-b,0,soup-b:noise,300,active,1271,0.5516493055555556,0.7183738425925926,0.00005379821941279985,,,,
survey,B012345/S0157,48,48,wrap,0.3,soup-a,0,soup-a:noise,300,active,1244,0.5399305555555556,0.723509837962963,-0.00005970746117748757,,,,
survey,B012345/S0157,48,48,wrap,0.3,soup-b,0,soup-b:noise,300,active,1219,0.5290798611111112,0.7207392939814814,0.000025518276681794326,,,,
survey,B012345/S0157,48,48,wrap,0.5,soup-a,0,soup-a:noise,300,active,1260,0.546875,0.7206958912037037,-0.00005488359034917106,,,,
survey,B012345/S0157,48,48,wrap,0.5,soup-b,0,soup-b:noise,300,active,1297,0.5629340277777778,0.7208695023148148,-0.000013350062517365936,,,,
survey,B0568/S0578,48,48,wrap,0.1,soup-a,0,soup-a:noise,300,active,612,0.265625,0.3746600115740741,-0.00013904807662622334,,,,
survey,B0568/S0578,48,48,wrap,0.1,soup-b,0,soup-b:noise,300,active,724,0.3142361111111111,0.3736400462962963,0.00003553986832762187,,,,
survey,B0568/S0578,48,48,wrap,0.3,soup-a,0,soup-a:noise,300,active,633,0.2747395833333333,0.3740306712962963,0.000012638541570189251,,,,
survey,B0568/S0578,48,48,wrap,0.3,soup-b,0,soup-b:noise,300,active,665,0.2886284722222222,0.3730613425925926,-0.00002139386712358371,,,,
survey,B0568/S0578,48,48,wrap,0.5,soup-a,0,soup-a:noise,300,active,658,0.2855902777777778,0.37591869212962964,0.00004876933407427989,,,,
survey,B0568/S0578,48,48,wrap,0.5,soup-b,0,soup-b:noise,300,active,678,0.2942708333333333,0.37530381944444446,0.000028460837887067395,,,,
survey,B0123478/S01357,48,48,wrap,0.1,soup-a,0,soup-a:noise,300,active,1334,0.5789930555555556,0.5669415509259259,0.00006361479654842395,,,,
survey,B0123478/S01357,48,48,wrap,0.1,soup-b,0,soup-b:noise,300,active,1345,0.5837673611111112,0.5687644675925926,0.000047382471211138896,,,,
survey,B0123478/S01357,48,48,wrap,0.3,soup-a,0,soup-a:noise,300,active,1380,0.5989583333333334,0.5697699652777778,0.000020561749405699113,,,,
survey,B0123478/S01357,48,48,wrap,0.3,soup-b,0,soup-b:noise,300,active,1218,0.5286458333333334,0.5711299189814816,-0.00001576199793152419,,,,
survey,B0123478/S01357,48,48,wrap,0.5,soup-a,0,soup-a:noise,300,active,1325,0.5750868055555556,0.5660445601851852,-0.00006207115788336266,,,,
survey,B0123478/S01357,48,48,wrap,0.5,soup-b,0,soup-b:noise,300,active,1317,0.5716145833333334,0.5703486689814814,-0.00008569606526504276,,,,
survey,B178/S3,48,48,wrap,0.1,soup-a,0,soup-a:noise,300,active,601,0.2608506944444444,0.3982204861111111,0.000055160962921799263,,,,
survey,B178/S3,48,48,wrap,0.1,soup-b,0,soup-b:noise,300,active,605,0.2625868055555556,0.3987774884259259,0.000021984791300052482,,,,
survey,B178/S3,48,48,wrap,0.3,soup-a,0,soup-a:noise,300,active,514,0.2230902777777778,0.39665075231481484,-0.000024818815411688432,,,,
survey,B178/S3,48,48,wrap,0.3,soup-b,0,soup-b:noise,300,active,595,0.2582465277777778,0.39624565972222225,0.000013458599611003057,,,,
survey,B178/S3,48,48,wrap,0.5,soup-a,0,soup-a:noise,300,active,604,0.2621527777777778,0.40219184027777777,-0.000011191380321694297,,,,
survey,B178/S3,48,48,wrap,0.5,soup-b,0,soup-b:noise,300,active,567,0.24609375,0.4002748842592593,-0.00007245453984131395,,,,
survey,B023568/S0567,48,48,wrap,0.1,soup-a,0,soup-a:noise,300,active,1584,0.6875,0.44576822916666664,0.00014898525053255534,,,,
survey,B023568/S0567,48,48,wrap,0.1,soup-b,0,soup-b:noise,300,active,1515,0.6575520833333334,0.44385850694444445,-0.0001617443888734525,,,,
survey,B023568/S0567,48,48,wrap,0.3,soup-a,0,soup-a:noise,300,active,1485,0.64453125,0.44951533564814816,-0.00014426991679787596,,,,
survey,B023568/S0567,48,48,wrap,0.3,soup-b,0,soup-b:noise,300,active,1504,0.6527777777777778,0.43637876157407407,0.00010314641798647772,,,,
survey,B023568/S0567,48,48,wrap,0.5,soup-a,0,soup-a:noise,300,active,1564,0.6788194444444444,0.4334201388888889,0.00024498028001605386,,,,
survey,B023568/S0567,48,48,wrap,0.5,soup-b,0,soup-b:noise,300,active,1507,0.6540798611111112,0.43552517361111115,-0.00020906656169923744,,,,
survey,B0267/S245678,48,48,wrap,0.1,soup-a,0,soup-a:noise,300,fixed,2101,0.9118923611111112,0,0,1,28,,
survey,B0267/S245678,48,48,wrap,0.1,soup-b,0,soup-b:noise,300,fixed,2103,0.9127604166666666,0,0,1,28,,
survey,B0267/S245678,48,48,wrap,0.3,soup-a,0,soup-a:noise,300,fixed,2113,0.9171006944444444,0,0,1,28,,
survey,B0267/S245678,48,48,wrap,0.3,soup-b,0,soup-b:noise,300,fixed,2047,0.8884548611111112,0,0,1,35,,
survey,B0267/S245678,48,48,wrap,0.5,soup-a,0,soup-a:noise,300,periodic,2030,0.8810763888888888,0.0008680555555555555,0,2,20,,
survey,B0267/S245678,48,48,wrap,0.5,soup-b,0,soup-b:noise,300,fixed,2080,0.9027777777777778,0,0,1,23,,
survey,B05/S45,48,48,wrap,0.1,soup-a,0,soup-a:noise,300,active,688,0.2986111111111111,0.40775462962962966,0.00006711210289895341,,,,
survey,B05/S45,48,48,wrap,0.1,soup-b,0,soup-b:noise,300,active,698,0.3029513888888889,0.4099320023148148,0.0000054147950047852795,,,,
survey,B05/S45,48,48,wrap,0.3,soup-a,0,soup-a:noise,300,active,669,0.2903645833333333,0.41039496527777775,0.00012619246086875984,,,,
survey,B05/S45,48,48,wrap,0.3,soup-b,0,soup-b:noise,300,active,574,0.24913194444444445,0.4086082175925926,-0.00008131840248834553,,,,
survey,B05/S45,48,48,wrap,0.5,soup-a,0,soup-a:noise,300,active,609,0.2643229166666667,0.41038773148148144,0.000007356403013182674,,,,
survey,B05/S45,48,48,wrap,0.5,soup-b,0,soup-b:noise,300,active,703,0.3051215277777778,0.41068431712962966,0.00007282838983050846,,,,
survey,B057/S12467,48,48,wrap,0.1,soup-a,0,soup-a:noise,300,periodic,617,0.2677951388888889,0.02546296296296296,0.000002411935414158254,6,28,,
survey,B057/S12467,48,48,wrap,0.1,soup-b,0,soup-b:noise,300,periodic,614,0.2664930555555556,0.0212962962962963,-0.000008297057824704393,30,35,,
survey,B057/S12467,48,48,wrap,0.3,soup-a,0,soup-a:noise,300,periodic,623,0.2703993055555556,0.025520833333333333,0.0000030390386218393998,20,38,,
survey,B057/S12467,48,48,wrap,0.3,soup-b,0,soup-b:noise,300,periodic,624,0.2708333333333333,0.01417824074074074,0.0000038590966626532055,6,29,,
survey,B057/S12467,48,48,wrap,0.5,soup-a,0,soup-a:noise,300,periodic,611,0.2651909722222222,0.021961805555555557,-9.406548115217191e-7,30,44,,
survey,B057/S12467,48,48,wrap,0.5,soup-b,0,soup-b:noise,300,periodic,631,0.2738715277777778,0.023075810185185185,0.000006572524003581242,12,34,,
survey,B0145678/S1245,48,48,wrap,0.1,soup-a,0,soup-a:noise,300,active,1405,0.6098090277777778,0.5883246527777778,0.000046031787379210274,,,,
survey,B0145678/S1245,48,48,wrap,0.1,soup-b,0,soup-b:noise,300,active,1313,0.5698784722222222,0.5895471643518518,0.00006614732873329012,,,,
survey,B0145678/S1245,48,48,wrap,0.3,soup-a,0,soup-a:noise,300,active,1305,0.56640625,0.5902633101851852,0.00007842407999135561,,,,
survey,B0145678/S1245,48,48,wrap,0.3,soup-b,0,soup-b:noise,300,active,1316,0.5711805555555556,0.5904296874999999,-0.000011336096446543793,,,,
survey,B0145678/S1245,48,48,wrap,0.5,soup-a,0,soup-a:noise,300,active,1316,0.5711805555555556,0.5894748263888889,-0.0000395075020839122,,,,
survey,B0145678/S1245,48,48,wrap,0.5,soup-b,0,soup-b:noise,300,active,1355,0.5881076388888888,0.5902633101851852,0.0000060177788583248435,,,,
survey,B138/S138,48,48,wrap,0.1,soup-a,0,soup-a:noise,300,active,846,0.3671875,0.4799045138888889,0.000021972731622981693,,,,
survey,B138/S138,48,48,wrap,0.1,soup-b,0,soup-b:noise,300,active,857,0.3719618055555556,0.4835286458333333,-0.000012493825445339755,,,,
survey,B138/S138,48,48,wrap,0.3,soup-a,0,soup-a:noise,300,active,782,0.3394097222222222,0.48308738425925923,-0.00008843361196011237,,,,
survey,B138/S138,48,48,wrap,0.3,soup-b,0,soup-b:noise,300,active,856,0.3715277777777778,0.48336950231481485,-0.000025843887962705687,,,,
survey,B138/S138,48,48,wrap,0.5,soup-a,0,soup-a:noise,300,active,810,0.3515625,0.48446903935185187,0.000010033651322898336,,,,
survey,B138/S138,48,48,wrap,0.5,soup-b,0,soup-b:noise,300,active,822,0.3567708333333333,0.48303674768518523,0.000006801657867926276,,,,
survey,B58/S2457,48,48,wrap,0.1,soup-a,0,soup-a:noise,300,fixed,6,0.0026041666666666665,0,0,1,2,,
survey,B58/S2457,48,48,wrap,0.1,soup-b,0,soup-b:noise,300,fixed,12,0.005208333333333333,0,0,1,3,,
survey,B58/S2457,48,48,wrap,0.3,soup-a,0,soup-a:noise,300,fixed,33,0.014322916666666666,0,0,1,8,,
survey,B58/S2457,48,48,wrap,0.3,soup-b,0,soup-b:noise,300,fixed,33,0.014322916666666666,0,0,1,7,,
survey,B58/S2457,48,48,wrap,0.5,soup-a,0,soup-a:noise,300,fixed,39,0.016927083333333332,0,0,1,11,,
survey,B58/S2457,48,48,wrap,0.5,soup-b,0,soup-b:noise,300,fixed,27,0.01171875,0,0,1,10,,
survey,B01235/S04567,48,48,wrap,0.1,soup-a,0,soup-a:noise,300,fixed,1761,0.7643229166666666,0,0,1,17,,
survey,B01235/S04567,48,48,wrap,0.1,soup-b,0,soup-b:noise,300,periodic,1750,0.7595486111111112,0.001736111111111111,-0.0000014471612484949524,2,16,,
survey,B01235/S04567,48,48,wrap,0.3,soup-a,0,soup-a:noise,300,periodic,1755,0.76171875,0.001736111111111111,-0.0000014471612484949524,2,9,,
survey,B01235/S04567,48,48,wrap,0.3,soup-b,0,soup-b:noise,300,periodic,1762,0.7647569444444444,0.001736111111111111,-0.0000014471612484949524,2,9,,
survey,B01235/S04567,48,48,wrap,0.5,soup-a,0,soup-a:noise,300,fixed,1770,0.7682291666666666,0,0,1,9,,
survey,B01235/S04567,48,48,wrap,0.5,soup-b,0,soup-b:noise,300,periodic,1759,0.7634548611111112,0.001736111111111111,0.0000014471612484949524,2,9,,
survey,B0145678/S12,48,48,wrap,0.1,soup-a,0,soup-a:noise,300,active,966,0.4192708333333333,0.6212818287037037,0.00003698702957611682,,,,
survey,B0145678/S12,48,48,wrap,0.1,soup-b,0,soup-b:noise,300,active,952,0.4131944444444444,0.6172236689814814,-0.00005062652434318175,,,,
survey,B0145678/S12,48,48,wrap,0.3,soup-a,0,soup-a:noise,300,active,1005,0.4361979166666667,0.6194227430555556,0.00004070141011392053,,,,
survey,B0145678/S12,48,48,wrap,0.3,soup-b,0,soup-b:noise,300,active,1004,0.4357638888888889,0.6219401041666667,0.0000617576062795221,,,,
survey,B0145678/S12,48,48,wrap,0.5,soup-a,0,soup-a:noise,300,active,1038,0.4505208333333333,0.6115668402777777,-0.00001595495276465685,,,,
survey,B0145678/S12,48,48,wrap,0.5,soup-b,0,soup-b:noise,300,active,987,0.4283854166666667,0.6216218171296296,-0.00004909494535519125,,,,
survey,B278/S012357,48,48,wrap,0.1,soup-a,0,soup-a:noise,300,periodic,956,0.4149305555555556,0.0026041666666666665,-0.0000021707418727424283,2,27,,
survey,B278/S012357,48,48,wrap,0.1,soup-b,0,soup-b:noise,300,periodic,979,0.4249131944444444,0.0023148148148148147,0.0000014471612484949524,6,18,,
survey,B278/S012357,48,48,wrap,0.3,soup-a,0,soup-a:noise,300,periodic,971,0.4214409722222222,0.003472222222222222,-0.0000021707418727424283,2,15,,
survey,B278/S012357,48,48,wrap,0.3,soup-b,0,soup-b:noise,300,periodic,968,0.4201388888888889,0.0008680555555555555,0,2,18,,
survey,B278/S012357,48,48,wrap,0.5,soup-a,0,soup-a:noise,300,periodic,959,0.4162326388888889,0.005208333333333333,-0.0000043414837454848566,2,21,,
survey,B278/S012357,48,48,wrap,0.5,soup-b,0,soup-b:noise,300,periodic,966,0.4192708333333333,0.0013020833333333333,0.0000010853709363712141,2,17,,
survey,B0237/S578,48,48,wrap,0.1,soup-a,0,soup-a:noise,300,active,854,0.3706597222222222,0.6410951967592592,-0.00007854467676206353,,,,
survey,B0237/S578,48,48,wrap,0.1,soup-b,0,soup-b:noise,300,active,871,0.3780381944444444,0.6375361689814816,0.00006547198681732581,,,,
survey,B0237/S578,48,48,wrap,0.3,soup-a,0,soup-a:noise,300,active,851,0.3693576388888889,0.6408203125,-0.00005617397579574574,,,,
survey,B0237/S578,48,48,wrap,0.3,soup-b,0,soup-b:noise,300,active,913,0.3962673611111111,0.6393952546296297,0.00004568205674415733,,,,
survey,B0237/S578,48,48,wrap,0.5,soup-a,0,soup-a:noise,300,active,924,0.4010416666666667,0.6404224537037037,-0.00008654024265999814,,,,
survey,B0237/S578,48,48,wrap,0.5,soup-b,0,soup-b:noise,300,active,928,0.4027777777777778,0.6395182291666667,0.0000034973063505294683,,,,
survey,B3468/S0123568,48,48,wrap,0.1,soup-a,0,soup-a:noise,300,active,1443,0.6263020833333334,0.4113498263888889,0.0000850810217344324,,,,
survey,B3468/S0123568,48,48,wrap,0.1,soup-b,0,soup-b:noise,300,active,1451,0.6297743055555556,0.4138816550925926,-0.00003492482479701151,,,,
survey,B3468/S0123568,48,48,wrap,0.3,soup-a,0,soup-a:noise,300,active,1467,0.63671875,0.410669849537037,-0.00006636440292056435,,,,
survey,B3468/S0123568,48,48,wrap,0.3,soup-b,0,soup-b:noise,300,active,1473,0.6393229166666666,0.4134476273148148,0.00013483924932851718,,,,
survey,B3468/S0123568,48,48,wrap,0.5,soup-a,0,soup-a:noise,300,active,1419,0.6158854166666666,0.41203703703703703,-0.000049890884041863475,,,,
survey,B3468/S0123568,48,48,wrap,0.5,soup-b,0,soup-b:noise,300,active,1484,0.6440972222222222,0.4126736111111111,0.00011010485165632428,,,,
density,B3/S23,64,64,wrap,0.05,density-a,0,density-a:noise,500,periodic,16,0.00390625,0.00390625,0,2,5,,
density,B3/S23,64,64,wrap,0.05,density-b,0,density-b:noise,500,fixed,12,0.0029296875,0,0,1,8,,
density,B3/S23,64,64,wrap,0.05,density-c,0,density-c:noise,500,periodic,13,0.003173828125,0.0009765625,0,2,2,,
density,B3/S23,64,64,wrap,0.05,density-d,0,density-d:noise,500,fixed,10,0.00244140625,0,0,1,4,,
density,B3/S23,64,64,wrap,0.05,density-e,0,density-e:noise,500,periodic,3,0.000732421875,0.0009765625,0,2,5,,
density,B3/S23,64,64,wrap,0.15,density-a,0,density-a:noise,500,active,287,0.070068359375,0.04312255859375,0.00005507923839258926,,,,
density,B3/S23,64,64,wrap,0.15,density-b,0,density-b:noise,500,periodic,179,0.043701171875,0.01113525390625,-0.000035612447963546354,2,427,,
density,B3/S23,64,64,wrap,0.15,density-c,0,density-c:noise,500,active,314,0.07666015625,0.05521484375,-0.00004237630794329433,,,,
density,B3/S23,64,64,wrap,0.15,density-d,0,density-d:noise,500,active,348,0.0849609375,0.04962646484375,0.00008353813897014702,,,,
density,B3/S23,64,64,wrap,0.15,density-e,0,density-e:noise,500,active,210,0.05126953125,0.039013671875,0.00011130409915991599,,,,
density,B3/S23,64,64,wrap,0.3,density-a,0,density-a:noise,500,active,327,0.079833984375,0.0580126953125,0.00022518072119711972,,,,
density,B3/S23,64,64,wrap,0.3,density-b,0,density-b:noise,500,active,241,0.058837890625,0.04698974609375,-0.0003531622693519352,,,,
density,B3/S23,64,64,wrap,0.3,density-c,0,density-c:noise,500,active,300,0.0732421875,0.06936279296875,-0.0002801867100772577,,,,
density,B3/S23,64,64,wrap,0.3,density-d,0,density-d:noise,500,active,413,0.100830078125,0.06064697265625,0.0002908166793241824,,,,
density,B3/S23,64,64,wrap,0.3,density-e,0,density-e:noise,500,active,196,0.0478515625,0.02423828125,0.00019264035778577857,,,,
density,B3/S23,64,64,wrap,0.5,density-a,0,density-a:noise,500,active,221,0.053955078125,0.0281689453125,-0.00008898204273552356,,,,
density,B3/S23,64,64,wrap,0.5,density-b,0,density-b:noise,500,active,246,0.06005859375,0.047880859375,-0.0002326272666329133,,,,
density,B3/S23,64,64,wrap,0.5,density-c,0,density-c:noise,500,periodic,104,0.025390625,0.0029296875,0,2,242,,
density,B3/S23,64,64,wrap,0.5,density-d,0,density-d:noise,500,active,230,0.05615234375,0.02692626953125,-0.000045898144501950194,,,,
density,B3/S23,64,64,wrap,0.5,density-e,0,density-e:noise,500,slow,129,0.031494140625,0.01557861328125,-0.000059664657872037205,,,,
density,B3/S23,64,64,wrap,0.75,density-a,0,density-a:noise,500,active,194,0.04736328125,0.0354443359375,0.00007209656512526253,,,,
density,B3/S23,64,64,wrap,0.75,density-b,0,density-b:noise,500,fixed,12,0.0029296875,0,0,1,56,,
density,B3/S23,64,64,wrap,0.75,density-c,0,density-c:noise,500,periodic,29,0.007080078125,0.001953125,0,2,24,,
density,B3/S23,64,64,wrap,0.75,density-d,0,density-d:noise,500,periodic,113,0.027587890625,0.01958740234375,-0.00012396307990174016,2,465,,
density,B3/S23,64,64,wrap,0.75,density-e,0,density-e:noise,500,active,194,0.04736328125,0.04387451171875,-0.00007829493886888688,,,,
density,B36/S23,64,64,wrap,0.05,density-a,0,density-a:noise,500,periodic,16,0.00390625,0.00390625,0,2,5,,
density,B36/S23,64,64,wrap,0.05,density-b,0,density-b:noise,500,fixed,12,0.0029296875,0,0,1,8,,
density,B36/S23,64,64,wrap,0.05,density-c,0,density-c:noise,500,periodic,13,0.003173828125,0.0009765625,0,2,2,,
density,B36/S23,64,64,wrap,0.05,density-d,0,density-d:noise,500,fixed,10,0.00244140625,0,0,1,4,,
density,B36/S23,64,64,wrap,0.05,density-e,0,density-e:noise,500,periodic,3,0.000732421875,0.0009765625,0,2,5,,
density,B36/S23,64,64,wrap,0.15,density-a,0,density-a:noise,500,active,158,0.03857421875,0.04358642578125,-0.00045595184518451847,,,,
density,B36/S23,64,64,wrap,0.15,density-b,0,density-b:noise,500,periodic,129,0.031494140625,0.0055078125,-0.00003151194025652565,2,417,,
density,B36/S23,64,64,wrap,0.15,density-c,0,density-c:noise,500,active,125,0.030517578125,0.02527099609375,-0.00034355193331833184,,,,
density,B36/S23,64,64,wrap,0.15,density-d,0,density-d:noise,500,periodic,88,0.021484375,0.0009765625,0,2,333,,
density,B36/S23,64,64,wrap,0.15,density-e,0,density-e:noise,500,active,145,0.035400390625,0.02177001953125,0.000023725517082958297,,,,
density,B36/S23,64,64,wrap,0.3,density-a,0,density-a:noise,500,active,171,0.041748046875,0.0445849609375,-0.0003275439848672367,,,,
density,B36/S23,64,64,wrap,0.3,density-b,0,density-b:noise,500,periodic,112,0.02734375,0.015166015625,-0.00024226836746174616,2,491,,
density,B36/S23,64,64,wrap,0.3,density-c,0,density-c:noise,500,slow,88,0.021484375,0.00728271484375,0.0000965501823619862,,,,
density,B36/S23,64,64,wrap,0.3,density-d,0,density-d:noise,500,periodic,88,0.021484375,0.006865234375,-0.00017683311299879987,2,450,,
density,B36/S23,64,64,wrap,0.3,density-e,0,density-e:noise,500,active,116,0.0283203125,0.02997802734375,-0.00021185370490174016,,,,
density,B36/S23,64,64,wrap,0.5,density-a,0,density-a:noise,500,active,177,0.043212890625,0.0356201171875,-0.00011657659906615662,,,,
density,B36/S23,64,64,wrap,0.5,density-b,0,density-b:noise,500,slow,168,0.041015625,0.010625,0.00005885744824482448,,,,
density,B36/S23,64,64,wrap,0.5,density-c,0,density-c:noise,500,active,276,0.0673828125,0.06198974609375,-0.00011849427130213021,,,,
density,B36/S23,64,64,wrap,0.5,density-d,0,density-d:noise,500,active,165,0.040283203125,0.03287841796875,-0.0002753903320019502,,,,
density,B36/S23,64,64,wrap,0.5,density-e,0,density-e:noise,500,periodic,103,0.025146484375,0.01147216796875,-0.0002492197461933693,2,453,,
density,B36/S23,64,64,wrap,0.75,density-a,0,density-a:noise,500,active,189,0.046142578125,0.0307275390625,-0.0000823778666929193,,,,
density,B36/S23,64,64,wrap,0.75,density-b,0,density-b:noise,500,slow,79,0.019287109375,0.01736083984375,-0.00046187187078082807,,,,
density,B36/S23,64,64,wrap,0.75,density-c,0,density-c:noise,500,periodic,102,0.02490234375,0.00390625,0,2,198,,
density,B36/S23,64,64,wrap,0.75,density-d,0,density-d:noise,500,active,142,0.03466796875,0.0207568359375,-0.000004718733592109211,,,,
density,B36/S23,64,64,wrap,0.75,density-e,0,density-e:noise,500,periodic,56,0.013671875,0.012578125,-0.00021387832142589258,2,482,,
detail,B456/S01234568,64,64,wrap,0.02,detail-a,0,detail-a:noise,1000,fixed,91,0.022216796875,0,0,1,0,,
detail,B456/S01234568,64,64,wrap,0.02,detail-b,0,detail-b:noise,1000,fixed,82,0.02001953125,0,0,1,0,,
detail,B456/S01234568,64,64,wrap,0.02,detail-c,0,detail-c:noise,1000,fixed,79,0.019287109375,0,0,1,0,,
detail,B456/S01234568,64,64,wrap,0.02,detail-d,0,detail-d:noise,1000,fixed,90,0.02197265625,0,0,1,0,,
detail,B456/S01234568,64,64,wrap,0.05,detail-a,0,detail-a:noise,1000,fixed,239,0.058349609375,0,0,1,3,,
detail,B456/S01234568,64,64,wrap,0.05,detail-b,0,detail-b:noise,1000,fixed,211,0.051513671875,0,0,1,3,,
detail,B456/S01234568,64,64,wrap,0.05,detail-c,0,detail-c:noise,1000,fixed,217,0.052978515625,0,0,1,8,,
detail,B456/S01234568,64,64,wrap,0.05,detail-d,0,detail-d:noise,1000,fixed,236,0.0576171875,0,0,1,6,,
detail,B456/S01234568,64,64,wrap,0.1,detail-a,0,detail-a:noise,1000,active,2953,0.720947265625,0.33934326171875,0.00001551571172742274,,,,
detail,B456/S01234568,64,64,wrap,0.1,detail-b,0,detail-b:noise,1000,active,2912,0.7109375,0.33924072265625,-0.00002601236686168617,,,,
detail,B456/S01234568,64,64,wrap,0.1,detail-c,0,detail-c:noise,1000,periodic,527,0.128662109375,0.00595458984375,-0.0000013653709120912092,120,707,,
detail,B456/S01234568,64,64,wrap,0.1,detail-d,0,detail-d:noise,1000,periodic,511,0.124755859375,0.00439453125,-8.936440519051905e-8,8,15,,
detail,B456/S01234568,64,64,wrap,0.2,detail-a,0,detail-a:noise,1000,active,2911,0.710693359375,0.34082763671875,0.00000789776243249325,,,,
detail,B456/S01234568,64,64,wrap,0.2,detail-b,0,detail-b:noise,1000,active,2926,0.71435546875,0.33693359375,0.0000014415504050405041,,,,
detail,B456/S01234568,64,64,wrap,0.2,detail-c,0,detail-c:noise,1000,active,2959,0.722412109375,0.33945556640625,-0.000034443385744824485,,,,
detail,B456/S01234568,64,64,wrap,0.2,detail-d,0,detail-d:noise,1000,active,2989,0.729736328125,0.33742431640625,-0.0000428509647839784,,,,
detail,B456/S01234568,64,64,wrap,0.3,detail-a,0,detail-a:noise,1000,active,2955,0.721435546875,0.340439453125,0.000021142739273927392,,,,
detail,B456/S01234568,64,64,wrap,0.3,detail-b,0,detail-b:noise,1000,active,2976,0.7265625,0.33360595703125,0.00006159551502025203,,,,
detail,B456/S01234568,64,64,wrap,0.3,detail-c,0,detail-c:noise,1000,active,3005,0.733642578125,0.33943359375,5.933210508550855e-7,,,,
detail,B456/S01234568,64,64,wrap,0.3,detail-d,0,detail-d:noise,1000,active,2966,0.72412109375,0.3368017578125,-0.000020612412803780378,,,,
detail,B456/S01234568,64,64,wrap,0.5,detail-a,0,detail-a:noise,1000,active,2949,0.719970703125,0.3377783203125,0.000015109909428442845,,,,
detail,B456/S01234568,64,64,wrap,0.5,detail-b,0,detail-b:noise,1000,active,3040,0.7421875,0.3373974609375,-0.000008784081533153316,,,,
detail,B456/S01234568,64,64,wrap,0.5,detail-c,0,detail-c:noise,1000,active,2968,0.724609375,0.33828857421875,0.000020649037560006,,,,
detail,B456/S01234568,64,64,wrap,0.5,detail-d,0,detail-d:noise,1000,active,3040,0.7421875,0.33712158203125,0.000008445668785628563,,,,
detail,B456/S01234568,64,64,wrap,0.75,detail-a,0,detail-a:noise,1000,active,2919,0.712646484375,0.33703125,-0.000005414603960396039,,,,
detail,B456/S01234568,64,64,wrap,0.75,detail-b,0,detail-b:noise,1000,active,2890,0.70556640625,0.33934326171875,-0.000016574899677467746,,,,
detail,B456/S01234568,64,64,wrap,0.75,detail-c,0,detail-c:noise,1000,active,2968,0.724609375,0.339970703125,-0.00002005718149939994,,,,
detail,B456/S01234568,64,64,wrap,0.75,detail-d,0,detail-d:noise,1000,active,2978,0.72705078125,0.3397509765625,0.00003641086764926493,,,,
detail,B456/S01234568,64,64,fixed,0.02,detail-a,0,detail-a:noise,1000,fixed,91,0.022216796875,0,0,1,0,,
detail,B456/S01234568,64,64,fixed,0.02,detail-b,0,detail-b:noise,1000,fixed,82,0.02001953125,0,0,1,0,,
detail,B456/S01234568,64,64,fixed,0.02,detail-c,0,detail-c:noise,1000,fixed,79,0.019287109375,0,0,1,0,,
detail,B456/S01234568,64,64,fixed,0.02,detail-d,0,detail-d:noise,1000,fixed,90,0.02197265625,0,0,1,0,,
detail,B456/S01234568,64,64,fixed,0.05,detail-a,0,detail-a:noise,1000,fixed,239,0.058349609375,0,0,1,3,,
detail,B456/S01234568,64,64,fixed,0.05,detail-b,0,detail-b:noise,1000,fixed,211,0.051513671875,0,0,1,3,,
detail,B456/S01234568,64,64,fixed,0.05,detail-c,0,detail-c:noise,1000,fixed,217,0.052978515625,0,0,1,8,,
detail,B456/S01234568,64,64,fixed,0.05,detail-d,0,detail-d:noise,1000,fixed,236,0.0576171875,0,0,1,6,,
detail,B456/S01234568,64,64,fixed,0.1,detail-a,0,detail-a:noise,1000,active,2892,0.7060546875,0.2977734375,-9.288038178817882e-7,,,,
detail,B456/S01234568,64,64,fixed,0.1,detail-b,0,detail-b:noise,1000,active,2916,0.7119140625,0.3052880859375,-0.000008697647108460846,,,,
detail,B456/S01234568,64,64,fixed,0.1,detail-c,0,detail-c:noise,1000,periodic,525,0.128173828125,0.00463623046875,-9.830084570957097e-7,30,707,,
detail,B456/S01234568,64,64,fixed,0.1,detail-d,0,detail-d:noise,1000,periodic,508,0.1240234375,0.0029296875,-5.288614798979898e-7,8,15,,
detail,B456/S01234568,64,64,fixed,0.2,detail-a,0,detail-a:noise,1000,active,2908,0.7099609375,0.297490234375,-0.00001637859098409841,,,,
detail,B456/S01234568,64,64,fixed,0.2,detail-b,0,detail-b:noise,1000,active,2996,0.7314453125,0.28599853515625,-0.000004900392382988299,,,,
detail,B456/S01234568,64,64,fixed,0.2,detail-c,0,detail-c:noise,1000,active,3035,0.740966796875,0.30307373046875,-0.000034280771827182716,,,,
detail,B456/S01234568,64,64,fixed,0.2,detail-d,0,detail-d:noise,1000,active,3052,0.7451171875,0.2916943359375,0.000027442197344734473,,,,
detail,B456/S01234568,64,64,fixed,0.3,detail-a,0,detail-a:noise,1000,active,2966,0.72412109375,0.2945703125,-0.00003177563850135013,,,,
detail,B456/S01234568,64,64,fixed,0.3,detail-b,0,detail-b:noise,1000,active,2909,0.710205078125,0.27299560546875,0.000014455058787128712,,,,
detail,B456/S01234568,64,64,fixed,0.3,detail-c,0,detail-c:noise,1000,active,2944,0.71875,0.2919189453125,-4.2191719171917193e-7,,,,
detail,B456/S01234568,64,64,fixed,0.3,detail-d,0,detail-d:noise,1000,active,3069,0.749267578125,0.3075634765625,-0.000012818664678967897,,,,
detail,B456/S01234568,64,64,fixed,0.5,detail-a,0,detail-a:noise,1000,active,2972,0.7255859375,0.28749755859375,0.000010572834627212721,,,,
detail,B456/S01234568,64,64,fixed,0.5,detail-b,0,detail-b:noise,1000,active,3067,0.748779296875,0.29036376953125,0.00001106214137038704,,,,
detail,B456/S01234568,64,64,fixed,0.5,detail-c,0,detail-c:noise,1000,active,3043,0.742919921875,0.30628173828125,0.0000016920637376237624,,,,
detail,B456/S01234568,64,64,fixed,0.5,detail-d,0,detail-d:noise,1000,active,2973,0.725830078125,0.2912744140625,0.000012355727760276028,,,,
detail,B456/S01234568,64,64,fixed,0.75,detail-a,0,detail-a:noise,1000,active,2981,0.727783203125,0.27804931640625,-0.000003838274452445245,,,,
detail,B456/S01234568,64,64,fixed,0.75,detail-b,0,detail-b:noise,1000,active,2987,0.729248046875,0.29230224609375,0.00002113248434218422,,,,
detail,B456/S01234568,64,64,fixed,0.75,detail-c,0,detail-c:noise,1000,active,2930,0.71533203125,0.284638671875,0.00003073549542454245,,,,
detail,B456/S01234568,64,64,fixed,0.75,detail-d,0,detail-d:noise,1000,active,3026,0.73876953125,0.28572021484375,-0.0000018517476747674768,,,,
soup-noise,B3/S23,48,48,wrap,0.1,soup-a,0,soup-a:noise:0,300,periodic,34,0.014756944444444444,0.001736111111111111,0,2,16,,0
soup-noise,B3/S23,48,48,wrap,0.1,soup-a,0,soup-a:noise:1,300,periodic,34,0.014756944444444444,0.001736111111111111,0,2,16,,0
soup-noise,B3/S23,48,48,wrap,0.1,soup-a,0,soup-a:noise:2,300,periodic,34,0.014756944444444444,0.001736111111111111,0,2,16,,0
soup-noise,B3/S23,48,48,wrap,0.1,soup-a,0.0001,soup-a:noise:0,300,slow,93,0.040364583333333336,0.009780092592592594,0.0003008045251767466,,,,0.04470486111111111
soup-noise,B3/S23,48,48,wrap,0.1,soup-a,0.0001,soup-a:noise:1,300,slow,36,0.015625,0.003703703703703704,-2.773725726281992e-7,,,,0.028645833333333332
soup-noise,B3/S23,48,48,wrap,0.1,soup-a,0.0001,soup-a:noise:2,300,active,120,0.052083333333333336,0.0363353587962963,0.000019500497823469483,,,,0.059895833333333336
soup-noise,B3/S23,48,48,wrap,0.1,soup-a,0.0005,soup-a:noise:0,300,active,90,0.0390625,0.02638165509259259,0.0002846324982248155,,,,0.051215277777777776
soup-noise,B3/S23,48,48,wrap,0.1,soup-a,0.0005,soup-a:noise:1,300,active,149,0.0646701388888889,0.0347800925925926,0.00023897456083479978,,,,0.07855902777777778
soup-noise,B3/S23,48,48,wrap,0.1,soup-a,0.0005,soup-a:noise:2,300,active,134,0.058159722222222224,0.060112847222222224,-0.0007278979886388195,,,,0.07118055555555555
soup-noise,B3/S23,48,48,wrap,0.1,soup-a,0.001,soup-a:noise:0,300,slow,4,0.001736111111111111,0.002119502314814815,-0.00001445955280787873,,,,0.016493055555555556
soup-noise,B3/S23,48,48,wrap,0.1,soup-a,0.001,soup-a:noise:1,300,active,208,0.09027777777777778,0.07010271990740741,0.0002209694629681084,,,,0.10069444444444445
soup-noise,B3/S23,48,48,wrap,0.1,soup-a,0.001,soup-a:noise:2,300,slow,8,0.003472222222222222,0.007262731481481482,-0.00018940928807384766,,,,0.018229166666666668
soup-noise,B3/S23,48,48,wrap,0.1,soup-a,0.005,soup-a:noise:0,300,active,59,0.025607638888888888,0.02775607638888889,-0.000004027932141644284,,,,0.040364583333333336
soup-noise,B3/S23,48,48,wrap,0.1,soup-a,0.005,soup-a:noise:1,300,active,194,0.0842013888888889,0.05492621527777777,0.00033343801133030776,,,,0.09288194444444445
soup-noise,B3/S23,48,48,wrap,0.1,soup-a,0.005,soup-a:noise:2,300,active,300,0.13020833333333334,0.11456886574074072,0.0005731240931122843,,,,0.13802083333333334
soup-noise,B3/S23,48,48,wrap,0.1,soup-a,0.01,soup-a:noise:0,300,active,371,0.16102430555555555,0.12016782407407407,0.0012290861080238337,,,,0.16710069444444445
soup-noise,B3/S23,48,48,wrap,0.1,soup-a,0.01,soup-a:noise:1,300,active,323,0.1401909722222222,0.10451388888888889,0.000634556088110895,,,,0.15147569444444445
soup-noise,B3/S23,48,48,wrap,0.1,soup-a,0.01,soup-a:noise:2,300,active,279,0.12109375,0.1429759837962963,-0.0015926491926769781,,,,0.13151041666666666
soup-noise,B3/S23,48,48,wrap,0.1,soup-b,0,soup-b:noise:0,300,active,95,0.04123263888888889,0.027437789351851854,-0.00039716134497236886,,,,0
soup-noise,B3/S23,48,48,wrap,0.1,soup-b,0,soup-b:noise:1,300,active,95,0.04123263888888889,0.027437789351851854,-0.00039716134497236886,,,,0
soup-noise,B3/S23,48,48,wrap,0.1,soup-b,0,soup-b:noise:2,300,active,95,0.04123263888888889,0.027437789351851854,-0.00039716134497236886,,,,0
soup-noise,B3/S23,48,48,wrap,0.1,soup-b,0.0001,soup-b:noise:0,300,active,197,0.08550347222222222,0.06509693287037037,0.00038574083078632957,,,,0.1189236111111111
soup-noise,B3/S23,48,48,wrap,0.1,soup-b,0.0001,soup-b:noise:1,300,active,168,0.07291666666666667,0.08190104166666666,-0.0009456354581519558,,,,0.10633680555555555
soup-noise,B3/S23,48,48,wrap,0.1,soup-b,0.0001,soup-b:noise:2,300,active,124,0.05381944444444445,0.03337673611111111,0.00009354691503812787,,,,0.08897569444444445
soup-noise,B3/S23,48,48,wrap,0.1,soup-b,0.0005,soup-b:noise:0,300,active,179,0.07769097222222222,0.055910011574074076,0.00014424579744373438,,,,0.11197916666666667
soup-noise,B3/S23,48,48,wrap,0.1,soup-b,0.0005,soup-b:noise:1,300,active,103,0.04470486111111111,0.041529224537037036,-0.0007441423736531753,,,,0.08246527777777778
soup-noise,B3/S23,48,48,wrap,0.1,soup-b,0.0005,soup-b:noise:2,300,active,226,0.09809027777777778,0.07698929398148148,0.00020285582800777993,,,,0.1349826388888889
soup-noise,B3/S23,48,48,wrap,0.1,soup-b,0.001,soup-b:noise:0,300,active,195,0.08463541666666667,0.07133246527777777,0.00012823054629372357,,,,0.1171875
soup-noise,B3/S23,48,48,wrap,0.1,soup-b,0.001,soup-b:noise:1,300,active,125,0.054253472222222224,0.04195601851851852,-0.000028352300793430276,,,,0.0876736111111111
soup-noise,B3/S23,48,48,wrap,0.1,soup-b,0.001,soup-b:noise:2,300,active,181,0.07855902777777778,0.06317274305555556,0.0002610678892284894,,,,0.1154513888888889
soup-noise,B3/S23,48,48,wrap,0.1,soup-b,0.005,soup-b:noise:0,300,active,156,0.06770833333333333,0.0677662037037037,-0.00029479880599549255,,,,0.10807291666666667
soup-noise,B3/S23,48,48,wrap,0.1,soup-b,0.005,soup-b:noise:1,300,active,308,0.13368055555555555,0.10748697916666666,0.0004799389683862802,,,,0.1636284722222222
soup-noise,B3/S23,48,48,wrap,0.1,soup-b,0.005,soup-b:noise:2,300,active,302,0.1310763888888889,0.1031177662037037,0.00014935910052174986,,,,0.16796875
soup-noise,B3/S23,48,48,wrap,0.1,soup-b,0.01,soup-b:noise:0,300,active,268,0.11631944444444445,0.12486979166666666,-0.00020710083433669846,,,,0.1540798611111111
soup-noise,B3/S23,48,48,wrap,0.1,soup-b,0.01,soup-b:noise:1,300,active,287,0.12456597222222222,0.11409866898148148,-0.0004172407072952363,,,,0.1484375
soup-noise,B3/S23,48,48,wrap,0.1,soup-b,0.01,soup-b:noise:2,300,active,305,0.1323784722222222,0.13990885416666668,-0.00020641343274366338,,,,0.16145833333333334
soup-noise,B3/S23,48,48,wrap,0.3,soup-a,0,soup-a:noise:0,300,active,123,0.053385416666666664,0.05486834490740741,-0.00042899889243925784,,,,0
soup-noise,B3/S23,48,48,wrap,0.3,soup-a,0,soup-a:noise:1,300,active,123,0.053385416666666664,0.05486834490740741,-0.00042899889243925784,,,,0
soup-noise,B3/S23,48,48,wrap,0.3,soup-a,0,soup-a:noise:2,300,active,123,0.053385416666666664,0.05486834490740741,-0.00042899889243925784,,,,0
soup-noise,B3/S23,48,48,wrap,0.3,soup-a,0.0001,soup-a:noise:0,300,active,207,0.08984375,0.06137876157407407,-0.000010805470655428977,,,,0.1345486111111111
soup-noise,B3/S23,48,48,wrap,0.3,soup-a,0.0001,soup-a:noise:1,300,active,224,0.09722222222222222,0.0798900462962963,0.00019514969435954432,,,,0.1384548611111111
soup-noise,B3/S23,48,48,wrap,0.3,soup-a,0.0001,soup-a:noise:2,300,active,142,0.06163194444444445,0.04317853009259259,-0.00012208011098762002,,,,0.10807291666666667
soup-noise,B3/S23,48,48,wrap,0.3,soup-a,0.0005,soup-a:noise:0,300,active,235,0.10199652777777778,0.08092447916666666,-0.0002031693796116205,,,,0.140625
soup-noise,B3/S23,48,48,wrap,0.3,soup-a,0.0005,soup-a:noise:1,300,active,230,0.0998263888888889,0.0824363425925926,0.00009196709734185422,,,,0.1427951388888889
soup-noise,B3/S23,48,48,wrap,0.3,soup-a,0.0005,soup-a:noise:2,300,active,176,0.0763888888888889,0.055859374999999996,0.00016559142585903492,,,,0.1271701388888889
soup-noise,B3/S23,48,48,wrap,0.3,soup-a,0.001,soup-a:noise:0,300,active,73,0.031684027777777776,0.0392650462962963,-0.0004080632930443642,,,,0.08072916666666667
soup-noise,B3/S23,48,48,wrap,0.3,soup-a,0.001,soup-a:noise:1,300,active,254,0.11024305555555555,0.09955873842592593,0.00037646693911889105,,,,0.1558159722222222
soup-noise,B3/S23,48,48,wrap,0.3,soup-a,0.001,soup-a:noise:2,300,active,227,0.09852430555555555,0.08483796296296296,0.00058250652187336,,,,0.1388888888888889
soup-noise,B3/S23,48,48,wrap,0.3,soup-a,0.005,soup-a:noise:0,300,active,240,0.10416666666666667,0.09976851851851852,-0.00046896466225186006,,,,0.1480034722222222
soup-noise,B3/S23,48,48,wrap,0.3,soup-a,0.005,soup-a:noise:1,300,active,141,0.061197916666666664,0.05054253472222223,-0.00004996324210428823,,,,0.11024305555555555
soup-noise,B3/S23,48,48,wrap,0.3,soup-a,0.005,soup-a:noise:2,300,active,217,0.09418402777777778,0.08851996527777778,0.0002218377597172054,,,,0.1388888888888889
soup-noise,B3/S23,48,48,wrap,0.3,soup-a,0.01,soup-a:noise:0,300,active,317,0.13758680555555555,0.12763310185185184,0.00023298090133061654,,,,0.1762152777777778
soup-noise,B3/S23,48,48,wrap,0.3,soup-a,0.01,soup-a:noise:1,300,active,371,0.16102430555555555,0.14636863425925928,-0.000012421467382915007,,,,0.203125
soup-noise,B3/S23,48,48,wrap,0.3,soup-a,0.01,soup-a:noise:2,300,active,260,0.11284722222222222,0.11841724537037036,-0.00005968334182334599,,,,0.1558159722222222
soup-noise,B3/S23,48,48,wrap,0.3,soup-b,0,soup-b:noise:0,300,active,156,0.06770833333333333,0.05252459490740741,-0.0003111034893952024,,,,0
soup-noise,B3/S23,48,48,wrap,0.3,soup-b,0,soup-b:noise:1,300,active,156,0.06770833333333333,0.05252459490740741,-0.0003111034893952024,,,,0
soup-noise,B3/S23,48,48,wrap,0.3,soup-b,0,soup-b:noise:2,300,active,156,0.06770833333333333,0.05252459490740741,-0.0003111034893952024,,,,0
soup-noise,B3/S23,48,48,wrap,0.3,soup-b,0.0001,soup-b:noise:0,300,active,153,0.06640625,0.03831741898148148,0.00015213282624803185,,,,0.12803819444444445
soup-noise,B3/S23,48,48,wrap,0.3,soup-b,0.0001,soup-b:noise:1,300,active,248,0.1076388888888889,0.0691550925925926,0.00028682735945169955,,,,0.1675347222222222
soup-noise,B3/S23,48,48,wrap,0.3,soup-b,0.0001,soup-b:noise:2,300,active,169,0.07335069444444445,0.0556640625,0.0003020587315921089,,,,0.13585069444444445
soup-noise,B3/S23,48,48,wrap,0.3,soup-b,0.0005,soup-b:noise:0,300,active,108,0.046875,0.039966724537037035,-0.00022451500802692106,,,,0.10850694444444445
soup-noise,B3/S23,48,48,wrap,0.3,soup-b,0.0005,soup-b:noise:1,300,active,191,0.08289930555555555,0.07786458333333333,-0.0001428348152264518,,,,0.1410590277777778
soup-noise,B3/S23,48,48,wrap,0.3,soup-b,0.0005,soup-b:noise:2,300,active,305,0.1323784722222222,0.07903645833333334,0.001042233471488994,,,,0.1636284722222222
soup-noise,B3/S23,48,48,wrap,0.3,soup-b,0.001,soup-b:noise:0,300,active,248,0.1076388888888889,0.09095052083333334,0.0003687487457935846,,,,0.16319444444444445
soup-noise,B3/S23,48,48,wrap,0.3,soup-b,0.001,soup-b:noise:1,300,active,295,0.12803819444444445,0.08817274305555556,-0.00003238023293507456,,,,0.1775173611111111
soup-noise,B3/S23,48,48,wrap,0.3,soup-b,0.001,soup-b:noise:2,300,active,123,0.053385416666666664,0.05054976851851852,-0.0001616237921027446,,,,0.11675347222222222
soup-noise,B3/S23,48,48,wrap,0.3,soup-b,0.005,soup-b:noise:0,300,active,193,0.0837673611111111,0.0736400462962963,-0.00007803817032509031,,,,0.14192708333333334
soup-noise,B3/S23,48,48,wrap,0.3,soup-b,0.005,soup-b:noise:1,300,active,134,0.058159722222222224,0.06710069444444444,-0.00041113851069741596,,,,0.11458333333333333
soup-noise,B3/S23,48,48,wrap,0.3,soup-b,0.005,soup-b:noise:2,300,active,187,0.08116319444444445,0.061024305555555554,0.00027286225340372326,,,,0.1384548611111111
soup-noise,B3/S23,48,48,wrap,0.3,soup-b,0.01,soup-b:noise:0,300,active,388,0.1684027777777778,0.14947916666666666,-0.000094752882745207,,,,0.22135416666666666
soup-noise,B3/S23,48,48,wrap,0.3,soup-b,0.01,soup-b:noise:1,300,active,332,0.1440972222222222,0.12630208333333334,0.000373813810163317,,,,0.1918402777777778
soup-noise,B3/S23,48,48,wrap,0.3,soup-b,0.01,soup-b:noise:2,300,active,314,0.1362847222222222,0.14231770833333332,-0.00045145401114507114,,,,0.17100694444444445
soup-noise,B3/S23,48,48,wrap,0.5,soup-a,0,soup-a:noise:0,300,active,141,0.061197916666666664,0.029188368055555556,0.000006632822388935198,,,,0
soup-noise,B3/S23,48,48,wrap,0.5,soup-a,0,soup-a:noise:1,300,active,141,0.061197916666666664,0.029188368055555556,0.000006632822388935198,,,,0
soup-noise,B3/S23,48,48,wrap,0.5,soup-a,0,soup-a:noise:2,300,active,141,0.061197916666666664,0.029188368055555556,0.000006632822388935198,,,,0
soup-noise,B3/S23,48,48,wrap,0.5,soup-a,0.0001,soup-a:noise:0,300,active,154,0.06684027777777778,0.036140046296296295,0.0002651078810472045,,,,0.12022569444444445
soup-noise,B3/S23,48,48,wrap,0.5,soup-a,0.0001,soup-a:noise:1,300,active,165,0.07161458333333333,0.08041087962962963,-0.0006257766432033589,,,,0.1284722222222222
soup-noise,B3/S23,48,48,wrap,0.5,soup-a,0.0001,soup-a:noise:2,300,active,59,0.025607638888888888,0.031495949074074076,-0.0005799981090426354,,,,0.0859375
soup-noise,B3/S23,48,48,wrap,0.5,soup-a,0.0005,soup-a:noise:0,300,active,161,0.06987847222222222,0.0455222800925926,0.000048226648606094284,,,,0.12065972222222222
soup-noise,B3/S23,48,48,wrap,0.5,soup-a,0.0005,soup-a:noise:1,300,active,195,0.08463541666666667,0.05919415509259259,0.00003490070544286993,,,,0.1345486111111111
soup-noise,B3/S23,48,48,wrap,0.5,soup-a,0.0005,soup-a:noise:2,300,active,258,0.11197916666666667,0.08413628472222222,0.000030728057176376157,,,,0.16536458333333334
soup-noise,B3/S23,48,48,wrap,0.5,soup-a,0.001,soup-a:noise:0,300,active,166,0.0720486111111111,0.056228298611111116,-0.000050855658207526786,,,,0.1254340277777778
soup-noise,B3/S23,48,48,wrap,0.5,soup-a,0.001,soup-a:noise:1,300,active,237,0.10286458333333333,0.08613281249999999,-0.0002630094972368868,,,,0.14930555555555555
soup-noise,B3/S23,48,48,wrap,0.5,soup-a,0.001,soup-a:noise:2,300,active,193,0.0837673611111111,0.060966435185185186,0.00021222619709178474,,,,0.13368055555555555
soup-noise,B3/S23,48,48,wrap,0.5,soup-a,0.005,soup-a:noise:0,300,active,271,0.11762152777777778,0.10444155092592593,-0.00032440531320428515,,,,0.1640625
soup-noise,B3/S23,48,48,wrap,0.5,soup-a,0.005,soup-a:noise:1,300,active,131,0.05685763888888889,0.07840711805555556,-0.00023934841082399433,,,,0.1154513888888889
soup-noise,B3/S23,48,48,wrap,0.5,soup-a,0.005,soup-a:noise:2,300,active,204,0.08854166666666667,0.07255497685185185,-0.00006191438208144238,,,,0.1384548611111111
soup-noise,B3/S23,48,48,wrap,0.5,soup-a,0.01,soup-a:noise:0,300,active,429,0.18619791666666666,0.18101128472222222,0.0006769940917230095,,,,0.2326388888888889
soup-noise,B3/S23,48,48,wrap,0.5,soup-a,0.01,soup-a:noise:1,300,active,319,0.1384548611111111,0.138671875,-0.00017551654008829615,,,,0.1814236111111111
soup-noise,B3/S23,48,48,wrap,0.5,soup-a,0.01,soup-a:noise:2,300,active,302,0.1310763888888889,0.1435619212962963,-0.00043144700688462845,,,,0.17491319444444445
soup-noise,B3/S23,48,48,wrap,0.5,soup-b,0,soup-b:noise:0,300,active,245,0.10633680555555555,0.06482204861111111,0.0004227881587478003,,,,0
soup-noise,B3/S23,48,48,wrap,0.5,soup-b,0,soup-b:noise:1,300,active,245,0.10633680555555555,0.06482204861111111,0.0004227881587478003,,,,0
soup-noise,B3/S23,48,48,wrap,0.5,soup-b,0,soup-b:noise:2,300,active,245,0.10633680555555555,0.06482204861111111,0.0004227881587478003,,,,0
soup-noise,B3/S23,48,48,wrap,0.5,soup-b,0.0001,soup-b:noise:0,300,active,115,0.04991319444444445,0.043540219907407404,0.000036227269920656976,,,,0.15104166666666666
soup-noise,B3/S23,48,48,wrap,0.5,soup-b,0.0001,soup-b:noise:1,300,active,158,0.0685763888888889,0.03312355324074074,0.00029511235759933316,,,,0.1584201388888889
soup-noise,B3/S23,48,48,wrap,0.5,soup-b,0.0001,soup-b:noise:2,300,active,98,0.042534722222222224,0.04633969907407407,-0.00022513005155753142,,,,0.14366319444444445
soup-noise,B3/S23,48,48,wrap,0.5,soup-b,0.0005,soup-b:noise:0,300,active,124,0.05381944444444445,0.06050347222222222,-0.0008784992358988608,,,,0.14366319444444445
soup-noise,B3/S23,48,48,wrap,0.5,soup-b,0.0005,soup-b:noise:1,300,active,141,0.061197916666666664,0.03583622685185185,-0.00003725234247167423,,,,0.1467013888888889
soup-noise,B3/S23,48,48,wrap,0.5,soup-b,0.0005,soup-b:noise:2,300,active,94,0.04079861111111111,0.02763310185185185,-0.00029045732225000775,,,,0.1410590277777778
soup-noise,B3/S23,48,48,wrap,0.5,soup-b,0.001,soup-b:noise:0,300,active,105,0.045572916666666664,0.04416956018518518,-0.0001295691704485814,,,,0.1388888888888889
soup-noise,B3/S23,48,48,wrap,0.5,soup-b,0.001,soup-b:noise:1,300,active,158,0.0685763888888889,0.057942708333333336,0.00010477447439103455,,,,0.1558159722222222
soup-noise,B3/S23,48,48,wrap,0.5,soup-b,0.001,soup-b:noise:2,300,active,185,0.0802951388888889,0.049385127314814814,0.000008767385230465253,,,,0.1701388888888889
soup-noise,B3/S23,48,48,wrap,0.5,soup-b,0.005,soup-b:noise:0,300,active,138,0.059895833333333336,0.07653356481481483,-0.0006365579945046463,,,,0.1488715277777778
soup-noise,B3/S23,48,48,wrap,0.5,soup-b,0.005,soup-b:noise:1,300,active,222,0.09635416666666667,0.08485243055555555,-0.000040146664968664135,,,,0.17838541666666666
soup-noise,B3/S23,48,48,wrap,0.5,soup-b,0.005,soup-b:noise:2,300,active,180,0.078125,0.07785734953703703,-0.00044782404834676294,,,,0.1662326388888889
soup-noise,B3/S23,48,48,wrap,0.5,soup-b,0.01,soup-b:noise:0,300,active,260,0.11284722222222222,0.10560619212962963,-0.00020413415377728382,,,,0.19661458333333334
soup-noise,B3/S23,48,48,wrap,0.5,soup-b,0.01,soup-b:noise:1,300,active,302,0.1310763888888889,0.09693287037037038,0.0010176317302645797,,,,0.2052951388888889
soup-noise,B3/S23,48,48,wrap,0.5,soup-b,0.01,soup-b:noise:2,300,active,327,0.14192708333333334,0.10771122685185185,0.0008532583317896946,,,,0.2222222222222222
soup-noise,B36/S23,48,48,wrap,0.1,soup-a,0,soup-a:noise:0,300,fixed,28,0.012152777777777778,0,0,1,152,,0
soup-noise,B36/S23,48,48,wrap,0.1,soup-a,0,soup-a:noise:1,300,fixed,28,0.012152777777777778,0,0,1,152,,0
soup-noise,B36/S23,48,48,wrap,0.1,soup-a,0,soup-a:noise:2,300,fixed,28,0.012152777777777778,0,0,1,152,,0
soup-noise,B36/S23,48,48,wrap,0.1,soup-a,0.0001,soup-a:noise:0,300,slow,18,0.0078125,0.0013310185185185187,-0.00008751707650273223,,,,0.006944444444444444
soup-noise,B36/S23,48,48,wrap,0.1,soup-a,0.0001,soup-a:noise:1,300,slow,7,0.0030381944444444445,0.001953125,-2.773725726281992e-7,,,,0.014322916666666666
soup-noise,B36/S23,48,48,wrap,0.1,soup-a,0.0001,soup-a:noise:2,300,slow,8,0.003472222222222222,0.0019458912037037038,-0.00009646535688925936,,,,0.011284722222222222
soup-noise,B36/S23,48,48,wrap,0.1,soup-a,0.0005,soup-a:noise:0,300,slow,0,0,0.004087094907407407,-0.00007978682350035504,,,,0.012152777777777778
soup-noise,B36/S23,48,48,wrap,0.1,soup-a,0.0005,soup-a:noise:1,300,active,130,0.05642361111111111,0.048408564814814814,0.00033214762588373316,,,,0.06684027777777778
soup-noise,B36/S23,48,48,wrap,0.1,soup-a,0.0005,soup-a:noise:2,300,slow,1,0.00043402777777777775,0.001121238425925926,-0.00004611620511870581,,,,0.012586805555555556
soup-noise,B36/S23,48,48,wrap,0.1,soup-a,0.001,soup-a:noise:0,300,active,181,0.07855902777777778,0.06155237268518518,0.00000950302553178352,,,,0.08984375
soup-noise,B36/S23,48,48,wrap,0.1,soup-a,0.001,soup-a:noise:1,300,active,68,0.029513888888888888,0.029224537037037035,-0.0003091980604180173,,,,0.04079861111111111
soup-noise,B36/S23,48,48,wrap,0.1,soup-a,0.001,soup-a:noise:2,300,active,74,0.03211805555555555,0.028226273148148146,-0.0003464142238584792,,,,0.044270833333333336
soup-noise,B36/S23,48,48,wrap,0.1,soup-a,0.005,soup-a:noise:0,300,active,337,0.1462673611111111,0.14225983796296296,-0.000060105430520823684,,,,0.1540798611111111
soup-noise,B36/S23,48,48,wrap,0.1,soup-a,0.005,soup-a:noise:1,300,active,288,0.125,0.09153645833333333,0.0007447212381525732,,,,0.1345486111111111
soup-noise,B36/S23,48,48,wrap,0.1,soup-a,0.005,soup-a:noise:2,300,active,208,0.09027777777777778,0.06401909722222222,0.0007414651253434595,,,,0.1015625
soup-noise,B36/S23,48,48,wrap,0.1,soup-a,0.01,soup-a:noise:0,300,active,365,0.1584201388888889,0.1310402199074074,0.0005429266617270229,,,,0.1636284722222222
soup-noise,B36/S23,48,48,wrap,0.1,soup-a,0.01,soup-a:noise:1,300,active,527,0.2287326388888889,0.1933810763888889,0.0003078714959402303,,,,0.23828125
soup-noise,B36/S23,48,48,wrap,0.1,soup-a,0.01,soup-a:noise:2,300,active,310,0.1345486111111111,0.1285445601851852,0.000555577262974283,,,,0.1423611111111111
soup-noise,B36/S23,48,48,wrap,0.1,soup-b,0,soup-b:noise:0,300,slow,26,0.011284722222222222,0.00982349537037037,-0.00036097025408292425,,,,0
soup-noise,B36/S23,48,48,wrap,0.1,soup-b,0,soup-b:noise:1,300,slow,26,0.011284722222222222,0.00982349537037037,-0.00036097025408292425,,,,0
soup-noise,B36/S23,48,48,wrap,0.1,soup-b,0,soup-b:noise:2,300,slow,26,0.011284722222222222,0.00982349537037037,-0.00036097025408292425,,,,0
soup-noise,B36/S23,48,48,wrap,0.1,soup-b,0.0001,soup-b:noise:0,300,slow,27,0.01171875,0.00030381944444444445,-0.00003579312154610849,,,,0.023003472222222224
soup-noise,B36/S23,48,48,wrap,0.1,soup-b,0.0001,soup-b:noise:1,300,slow,40,0.017361111111111112,0.0001591435185185185,-0.0000016883547899107777,,,,0.028645833333333332
soup-noise,B36/S23,48,48,wrap,0.1,soup-b,0.0001,soup-b:noise:2,300,active,136,0.059027777777777776,0.028797743055555554,0.00020338645379889476,,,,0.06684027777777778
soup-noise,B36/S23,48,48,wrap,0.1,soup-b,0.0005,soup-b:noise:0,300,active,36,0.015625,0.02648292824074074,-0.0005611970724892717,,,,0.026909722222222224
soup-noise,B36/S23,48,48,wrap,0.1,soup-b,0.0005,soup-b:noise:1,300,active,56,0.024305555555555556,0.035054976851851855,-0.00002175565743570745,,,,0.034722222222222224
soup-noise,B36/S23,48,48,wrap,0.1,soup-b,0.0005,soup-b:noise:2,300,active,96,0.041666666666666664,0.028906249999999998,0.00025976544410484395,,,,0.050347222222222224
soup-noise,B36/S23,48,48,wrap,0.1,soup-b,0.001,soup-b:noise:0,300,slow,42,0.018229166666666668,0.014670138888888887,0.00006291533527831805,,,,0.028645833333333332
soup-noise,B36/S23,48,48,wrap,0.1,soup-b,0.001,soup-b:noise:1,300,active,96,0.041666666666666664,0.07156394675925926,-0.0008810438277607977,,,,0.052083333333333336
soup-noise,B36/S23,48,48,wrap,0.1,soup-b,0.001,soup-b:noise:2,300,active,151,0.06553819444444445,0.04854600694444444,0.00014548794418202588,,,,0.07682291666666667
soup-noise,B36/S23,48,48,wrap,0.1,soup-b,0.005,soup-b:noise:0,300,active,321,0.13932291666666666,0.11761429398148149,0.00024470290744342565,,,,0.14713541666666666
soup-noise,B36/S23,48,48,wrap,0.1,soup-b,0.005,soup-b:noise:1,300,active,260,0.11284722222222222,0.08245081018518519,0.000713993180976197,,,,0.1232638888888889
soup-noise,B36/S23,48,48,wrap,0.1,soup-b,0.005,soup-b:noise:2,300,active,378,0.1640625,0.12398726851851853,0.0009786307346176407,,,,0.17274305555555555
soup-noise,B36/S23,48,48,wrap,0.1,soup-b,0.01,soup-b:noise:0,300,active,490,0.2126736111111111,0.20091145833333332,0.0003595230928344293,,,,0.21788194444444445
soup-noise,B36/S23,48,48,wrap,0.1,soup-b,0.01,soup-b:noise:1,300,active,495,0.21484375,0.19359809027777777,0.00030606254437961166,,,,0.2183159722222222
soup-noise,B36/S23,48,48,wrap,0.1,soup-b,0.01,soup-b:noise:2,300,active,491,0.2131076388888889,0.16462673611111112,0.0003304592710938224,,,,0.21744791666666666
soup-noise,B36/S23,48,48,wrap,0.3,soup-a,0,soup-a:noise:0,300,active,163,0.07074652777777778,0.06128472222222222,-0.00019397990568367757,,,,0
soup-noise,B36/S23,48,48,wrap,0.3,soup-a,0,soup-a:noise:1,300,active,163,0.07074652777777778,0.06128472222222222,-0.00019397990568367757,,,,0
soup-noise,B36/S23,48,48,wrap,0.3,soup-a,0,soup-a:noise:2,300,active,163,0.07074652777777778,0.06128472222222222,-0.00019397990568367757,,,,0
soup-noise,B36/S23,48,48,wrap,0.3,soup-a,0.0001,soup-a:noise:0,300,active,244,0.10590277777777778,0.10598958333333333,0.00062762177379519,,,,0.1584201388888889
soup-noise,B36/S23,48,48,wrap,0.3,soup-a,0.0001,soup-a:noise:1,300,active,169,0.07335069444444445,0.07587528935185185,0.0001617202695193109,,,,0.14149305555555555
soup-noise,B36/S23,48,48,wrap,0.3,soup-a,0.0001,soup-a:noise:2,300,slow,43,0.018663194444444444,0.004586226851851852,0.000090881726405483,,,,0.08854166666666667
soup-noise,B36/S23,48,48,wrap,0.3,soup-a,0.0005,soup-a:noise:0,300,active,174,0.07552083333333333,0.08195167824074073,-0.00035255259948751194,,,,0.13151041666666666
soup-noise,B36/S23,48,48,wrap,0.3,soup-a,0.0005,soup-a:noise:1,300,active,167,0.0724826388888889,0.05939670138888889,0.00013622611219165818,,,,0.1328125
soup-noise,B36/S23,48,48,wrap,0.3,soup-a,0.0005,soup-a:noise:2,300,active,77,0.03342013888888889,0.0267578125,-0.00032166776650921556,,,,0.0998263888888889
soup-noise,B36/S23,48,48,wrap,0.3,soup-a,0.001,soup-a:noise:0,300,active,255,0.11067708333333333,0.07896412037037037,0.0005148758528603624,,,,0.1701388888888889
soup-noise,B36/S23,48,48,wrap,0.3,soup-a,0.001,soup-a:noise:1,300,slow,2,0.0008680555555555555,0.004535590277777777,-0.0001652175758698404,,,,0.07074652777777778
soup-noise,B36/S23,48,48,wrap,0.3,soup-a,0.001,soup-a:noise:2,300,active,298,0.1293402777777778,0.10206163194444445,0.00006650911904541385,,,,0.1896701388888889
soup-noise,B36/S23,48,48,wrap,0.3,soup-a,0.005,soup-a:noise:0,300,active,302,0.1310763888888889,0.13760127314814816,-0.0005383078054089099,,,,0.1853298611111111
soup-noise,B36/S23,48,48,wrap,0.3,soup-a,0.005,soup-a:noise:1,300,active,372,0.16145833333333334,0.13211082175925926,0.001197284739588157,,,,0.21223958333333334
soup-noise,B36/S23,48,48,wrap,0.3,soup-a,0.005,soup-a:noise:2,300,active,267,0.11588541666666667,0.12639612268518519,0.00001614790759778951,,,,0.1701388888888889
soup-noise,B36/S23,48,48,wrap,0.3,soup-a,0.01,soup-a:noise:0,300,active,498,0.21614583333333334,0.20268373842592594,0.00016582055972337996,,,,0.2513020833333333
soup-noise,B36/S23,48,48,wrap,0.3,soup-a,0.01,soup-a:noise:1,300,active,538,0.23350694444444445,0.24837239583333334,-0.00019950323778209996,,,,0.2677951388888889
soup-noise,B36/S23,48,48,wrap,0.3,soup-a,0.01,soup-a:noise:2,300,active,503,0.2183159722222222,0.22549189814814813,-0.0006117391790929579,,,,0.2586805555555556
soup-noise,B36/S23,48,48,wrap,0.3,soup-b,0,soup-b:noise:0,300,active,250,0.10850694444444445,0.1303096064814815,-0.000042076213299990736,,,,0
soup-noise,B36/S23,48,48,wrap,0.3,soup-b,0,soup-b:noise:1,300,active,250,0.10850694444444445,0.1303096064814815,-0.000042076213299990736,,,,0
soup-noise,B36/S23,48,48,wrap,0.3,soup-b,0,soup-b:noise:2,300,active,250,0.10850694444444445,0.1303096064814815,-0.000042076213299990736,,,,0
soup-noise,B36/S23,48,48,wrap,0.3,soup-b,0.0001,soup-b:noise:0,300,active,44,0.019097222222222224,0.028117766203703702,-0.0009686935607113086,,,,0.1232638888888889
soup-noise,B36/S23,48,48,wrap,0.3,soup-b,0.0001,soup-b:noise:1,300,slow,35,0.015190972222222222,0.010959201388888888,-0.00023006245947948504,,,,0.11848958333333333
soup-noise,B36/S23,48,48,wrap,0.3,soup-b,0.0001,soup-b:noise:2,300,slow,56,0.024305555555555556,0.01275318287037037,0.00018997609289617487,,,,0.1267361111111111
soup-noise,B36/S23,48,48,wrap,0.3,soup-b,0.0005,soup-b:noise:0,300,active,184,0.0798611111111111,0.07549913194444444,-0.00013953046370905497,,,,0.17447916666666666
soup-noise,B36/S23,48,48,wrap,0.3,soup-b,0.0005,soup-b:noise:1,300,active,202,0.0876736111111111,0.07250434027777779,-0.0004167583202124047,,,,0.1762152777777778
soup-noise,B36/S23,48,48,wrap,0.3,soup-b,0.0005,soup-b:noise:2,300,active,167,0.0724826388888889,0.06246383101851852,0.00039294045799759193,,,,0.16710069444444445
soup-noise,B36/S23,48,48,wrap,0.3,soup-b,0.001,soup-b:noise:0,300,active,213,0.09244791666666667,0.11378038194444444,-0.0007709751551356859,,,,0.1818576388888889
soup-noise,B36/S23,48,48,wrap,0.3,soup-b,0.001,soup-b:noise:1,300,active,84,0.036458333333333336,0.024848090277777776,0.00005273696783057022,,,,0.1310763888888889
soup-noise,B36/S23,48,48,wrap,0.3,soup-b,0.001,soup-b:noise:2,300,active,95,0.04123263888888889,0.0732494212962963,-0.0006485694328671544,,,,0.13151041666666666
soup-noise,B36/S23,48,48,wrap,0.3,soup-b,0.005,soup-b:noise:0,300,active,260,0.11284722222222222,0.12658420138888887,-0.00011057517906208514,,,,0.203125
soup-noise,B36/S23,48,48,wrap,0.3,soup-b,0.005,soup-b:noise:1,300,active,430,0.18663194444444445,0.16197916666666667,-0.00028540431755734615,,,,0.2560763888888889
soup-noise,B36/S23,48,48,wrap,0.3,soup-b,0.005,soup-b:noise:2,300,active,260,0.11284722222222222,0.12626591435185186,-0.0008441170965700349,,,,0.18836805555555555
soup-noise,B36/S23,48,48,wrap,0.3,soup-b,0.01,soup-b:noise:0,300,active,530,0.2300347222222222,0.21844618055555556,0.0008776068197956223,,,,0.2907986111111111
soup-noise,B36/S23,48,48,wrap,0.3,soup-b,0.01,soup-b:noise:1,300,active,483,0.20963541666666666,0.2173755787037037,0.00007751960421104628,,,,0.26953125
soup-noise,B36/S23,48,48,wrap,0.3,soup-b,0.01,soup-b:noise:2,300,active,443,0.19227430555555555,0.19001012731481481,-0.00028111107252014447,,,,0.2565104166666667
soup-noise,B36/S23,48,48,wrap,0.5,soup-a,0,soup-a:noise:0,300,active,123,0.053385416666666664,0.039228877314814815,-0.0008202389359698682,,,,0
soup-noise,B36/S23,48,48,wrap,0.5,soup-a,0,soup-a:noise:1,300,active,123,0.053385416666666664,0.039228877314814815,-0.0008202389359698682,,,,0
soup-noise,B36/S23,48,48,wrap,0.5,soup-a,0,soup-a:noise:2,300,active,123,0.053385416666666664,0.039228877314814815,-0.0008202389359698682,,,,0
soup-noise,B36/S23,48,48,wrap,0.5,soup-a,0.0001,soup-a:noise:0,300,active,127,0.055121527777777776,0.05857928240740741,-0.00018140166249884225,,,,0.10243055555555555
soup-noise,B36/S23,48,48,wrap,0.5,soup-a,0.0001,soup-a:noise:1,300,active,74,0.03211805555555555,0.026005497685185185,-0.0003762981036399,,,,0.0837673611111111
soup-noise,B36/S23,48,48,wrap,0.5,soup-a,0.0001,soup-a:noise:2,300,active,223,0.09678819444444445,0.05941116898148148,0.0006740515305177364,,,,0.14756944444444445
soup-noise,B36/S23,48,48,wrap,0.5,soup-a,0.0005,soup-a:noise:0,300,active,191,0.08289930555555555,0.05472366898148148,0.0002335597658300145,,,,0.1310763888888889
soup-noise,B36/S23,48,48,wrap,0.5,soup-a,0.0005,soup-a:noise:1,300,active,219,0.09505208333333333,0.08771701388888889,0.0005073023756599056,,,,0.14322916666666666
soup-noise,B36/S23,48,48,wrap,0.5,soup-a,0.0005,soup-a:noise:2,300,slow,79,0.03428819444444445,0.017491319444444445,0.000008055864283288568,,,,0.08680555555555555
soup-noise,B36/S23,48,48,wrap,0.5,soup-a,0.001,soup-a:noise:0,300,active,164,0.07118055555555555,0.06584201388888888,0.00013143842039455405,,,,0.11414930555555555
soup-noise,B36/S23,48,48,wrap,0.5,soup-a,0.001,soup-a:noise:1,300,active,152,0.06597222222222222,0.08268229166666667,-0.00037110038282238894,,,,0.11241319444444445
soup-noise,B36/S23,48,48,wrap,0.5,soup-a,0.001,soup-a:noise:2,300,active,181,0.07855902777777778,0.07855179398148147,-0.00042085861041647374,,,,0.12760416666666666
soup-noise,B36/S23,48,48,wrap,0.5,soup-a,0.005,soup-a:noise:0,300,active,292,0.1267361111111111,0.10169270833333334,0.0007899088481368282,,,,0.1618923611111111
soup-noise,B36/S23,48,48,wrap,0.5,soup-a,0.005,soup-a:noise:1,300,active,243,0.10546875,0.10161313657407407,0.00004377662776697231,,,,0.15538194444444445
soup-noise,B36/S23,48,48,wrap,0.5,soup-a,0.005,soup-a:noise:2,300,active,264,0.11458333333333333,0.09301938657407408,0.0006391267057207249,,,,0.1506076388888889
soup-noise,B36/S23,48,48,wrap,0.5,soup-a,0.01,soup-a:noise:0,300,active,325,0.1410590277777778,0.14944299768518518,-0.00006826983189774937,,,,0.17708333333333334
soup-noise,B36/S23,48,48,wrap,0.5,soup-a,0.01,soup-a:noise:1,300,active,468,0.203125,0.1992404513888889,-0.000036577000555709916,,,,0.23567708333333334
soup-noise,B36/S23,48,48,wrap,0.5,soup-a,0.01,soup-a:noise:2,300,active,477,0.20703125,0.20056423611111113,-0.0002735014162884752,,,,0.23958333333333334
soup-noise,B36/S23,48,48,wrap,0.5,soup-b,0,soup-b:noise:0,300,active,287,0.12456597222222222,0.09404658564814815,-0.0003022758057793832,,,,0
soup-noise,B36/S23,48,48,wrap,0.5,soup-b,0,soup-b:noise:1,300,active,287,0.12456597222222222,0.09404658564814815,-0.0003022758057793832,,,,0
soup-noise,B36/S23,48,48,wrap,0.5,soup-b,0,soup-b:noise:2,300,active,287,0.12456597222222222,0.09404658564814815,-0.0003022758057793832,,,,0
soup-noise,B36/S23,48,48,wrap,0.5,soup-b,0.0001,soup-b:noise:0,300,active,193,0.0837673611111111,0.07611400462962964,-0.00021455371476644745,,,,0.1892361111111111
soup-noise,B36/S23,48,48,wrap,0.5,soup-b,0.0001,soup-b:noise:1,300,active,112,0.04861111111111111,0.05388454861111111,-0.00020257845543515175,,,,0.1584201388888889
soup-noise,B36/S23,48,48,wrap,0.5,soup-b,0.0001,soup-b:noise:2,300,active,289,0.1254340277777778,0.09828559027777778,-0.00019205035735235098,,,,0.2248263888888889
soup-noise,B36/S23,48,48,wrap,0.5,soup-b,0.0005,soup-b:noise:0,300,active,130,0.05642361111111111,0.09029224537037037,-0.0006056128631409959,,,,0.1714409722222222
soup-noise,B36/S23,48,48,wrap,0.5,soup-b,0.0005,soup-b:noise:1,300,active,133,0.05772569444444445,0.02330005787037037,0.0007277050338056867,,,,0.1467013888888889
soup-noise,B36/S23,48,48,wrap,0.5,soup-b,0.0005,soup-b:noise:2,300,active,206,0.08940972222222222,0.07126012731481482,0.00044731754190978975,,,,0.2009548611111111
soup-noise,B36/S23,48,48,wrap,0.5,soup-b,0.001,soup-b:noise:0,300,active,149,0.0646701388888889,0.07411024305555555,-0.001037252824858757,,,,0.1779513888888889
soup-noise,B36/S23,48,48,wrap,0.5,soup-b,0.001,soup-b:noise:1,300,active,315,0.13671875,0.10107783564814815,0.00019377489117347412,,,,0.24479166666666666
soup-noise,B36/S23,48,48,wrap,0.5,soup-b,0.001,soup-b:noise:2,300,active,145,0.06293402777777778,0.061024305555555554,0.00016555524682782254,,,,0.1736111111111111
soup-noise,B36/S23,48,48,wrap,0.5,soup-b,0.005,soup-b:noise:0,300,active,339,0.14713541666666666,0.13525028935185185,-0.00028630879333765554,,,,0.2439236111111111
soup-noise,B36/S23,48,48,wrap,0.5,soup-b,0.005,soup-b:noise:1,300,active,503,0.2183159722222222,0.17842881944444444,0.0009037401400080269,,,,0.2864583333333333
soup-noise,B36/S23,48,48,wrap,0.5,soup-b,0.005,soup-b:noise:2,300,active,251,0.10894097222222222,0.13025173611111113,-0.0010594546903460837,,,,0.1970486111111111
soup-noise,B36/S23,48,48,wrap,0.5,soup-b,0.01,soup-b:noise:0,300,active,485,0.2105034722222222,0.19265769675925926,0.0006344234316631163,,,,0.2934027777777778
soup-noise,B36/S23,48,48,wrap,0.5,soup-b,0.01,soup-b:noise:1,300,active,573,0.24869791666666666,0.22896412037037037,0.000917898200889136,,,,0.3185763888888889
soup-noise,B36/S23,48,48,wrap,0.5,soup-b,0.01,soup-b:noise:2,300,active,386,0.1675347222222222,0.16511863425925927,-0.00010042093096847889,,,,0.22526041666666666
soup-noise,B456/S01234568,48,48,wrap,0.1,soup-a,0,soup-a:noise:0,300,fixed,226,0.09809027777777778,0,0,1,16,,0
soup-noise,B456/S01234568,48,48,wrap,0.1,soup-a,0,soup-a:noise:1,300,fixed,226,0.09809027777777778,0,0,1,16,,0
soup-noise,B456/S01234568,48,48,wrap,0.1,soup-a,0,soup-a:noise:2,300,fixed,226,0.09809027777777778,0,0,1,16,,0
soup-noise,B456/S01234568,48,48,wrap,0.1,soup-a,0.0001,soup-a:noise:0,300,active,642,0.2786458333333333,0.022938368055555557,0.0018723372233027692,,,,0.2013888888888889
soup-noise,B456/S01234568,48,48,wrap,0.1,soup-a,0.0001,soup-a:noise:1,300,slow,434,0.18836805555555555,0.018547453703703705,0.00028323357568460375,,,,0.09895833333333333
soup-noise,B456/S01234568,48,48,wrap,0.1,soup-a,0.0001,soup-a:noise:2,300,active,1736,0.7534722222222222,0.3425274884259259,0.00015204840850853633,,,,0.703125
soup-noise,B456/S01234568,48,48,wrap,0.1,soup-a,0.0005,soup-a:noise:0,300,active,1678,0.7282986111111112,0.34089265046296297,0.00004437961162051187,,,,0.6805555555555556
soup-noise,B456/S01234568,48,48,wrap,0.1,soup-a,0.0005,soup-a:noise:1,300,active,1680,0.7291666666666666,0.339330150462963,-0.00009885317294927603,,,,0.6814236111111112
soup-noise,B456/S01234568,48,48,wrap,0.1,soup-a,0.0005,soup-a:noise:2,300,active,1599,0.6940104166666666,0.34301215277777775,-0.00007269573338272977,,,,0.6618923611111112
soup-noise,B456/S01234568,48,48,wrap,0.1,soup-a,0.001,soup-a:noise:0,300,active,1613,0.7000868055555556,0.33684895833333334,-0.000016087609212435554,,,,0.6610243055555556
soup-noise,B456/S01234568,48,48,wrap,0.1,soup-a,0.001,soup-a:noise:1,300,active,1624,0.7048611111111112,0.33989438657407406,-0.00005524538066129481,,,,0.6527777777777778
soup-noise,B456/S01234568,48,48,wrap,0.1,soup-a,0.001,soup-a:noise:2,300,active,1614,0.7005208333333334,0.3361545138888889,-0.00001710062208638202,,,,0.6605902777777778
soup-noise,B456/S01234568,48,48,wrap,0.1,soup-a,0.005,soup-a:noise:0,300,active,1629,0.70703125,0.34457465277777777,-0.00009817783103331172,,,,0.6506076388888888
soup-noise,B456/S01234568,48,48,wrap,0.1,soup-a,0.005,soup-a:noise:1,300,active,1646,0.7144097222222222,0.3446108217592593,-0.00006735329644036923,,,,0.6623263888888888
soup-noise,B456/S01234568,48,48,wrap,0.1,soup-a,0.005,soup-a:noise:2,300,active,1623,0.7044270833333334,0.34293258101851853,-0.000054220308110277545,,,,0.6705729166666666
soup-noise,B456/S01234568,48,48,wrap,0.1,soup-a,0.01,soup-a:noise:0,300,active,1655,0.7183159722222222,0.3464916087962963,-0.000011239619029977464,,,,0.6740451388888888
soup-noise,B456/S01234568,48,48,wrap,0.1,soup-a,0.01,soup-a:noise:1,300,active,1675,0.7269965277777778,0.3459490740740741,0.00004453638742243216,,,,0.6783854166666666
soup-noise,B456/S01234568,48,48,wrap,0.1,soup-a,0.01,soup-a:noise:2,300,active,1580,0.6857638888888888,0.34683159722222223,-0.00011401218702726067,,,,0.6571180555555556
soup-noise,B456/S01234568,48,48,wrap,0.1,soup-b,0,soup-b:noise:0,300,fixed,256,0.1111111111111111,0,0,1,6,,0
soup-noise,B456/S01234568,48,48,wrap,0.1,soup-b,0,soup-b:noise:1,300,fixed,256,0.1111111111111111,0,0,1,6,,0
soup-noise,B456/S01234568,48,48,wrap,0.1,soup-b,0,soup-b:noise:2,300,fixed,256,0.1111111111111111,0,0,1,6,,0
soup-noise,B456/S01234568,48,48,wrap,0.1,soup-b,0.0001,soup-b:noise:0,300,active,1698,0.7369791666666666,0.3359302662037037,-0.00009294393118458832,,,,0.6814236111111112
soup-noise,B456/S01234568,48,48,wrap,0.1,soup-b,0.0001,soup-b:noise:1,300,active,1681,0.7296006944444444,0.33952546296296293,0.00008116162668642524,,,,0.6827256944444444
soup-noise,B456/S01234568,48,48,wrap,0.1,soup-b,0.0001,soup-b:noise:2,300,active,1532,0.6649305555555556,0.14076244212962963,0.007759437420888519,,,,0.6119791666666666
soup-noise,B456/S01234568,48,48,wrap,0.1,soup-b,0.0005,soup-b:noise:0,300,active,1677,0.7278645833333334,0.33867187499999996,-0.000013132988330091692,,,,0.67578125
soup-noise,B456/S01234568,48,48,wrap,0.1,soup-b,0.0005,soup-b:noise:1,300,active,1629,0.70703125,0.3359809027777778,-0.00008086013475965546,,,,0.6697048611111112
soup-noise,B456/S01234568,48,48,wrap,0.1,soup-b,0.0005,soup-b:noise:2,300,active,1689,0.7330729166666666,0.3391927083333333,-0.00007401023818344601,,,,0.6818576388888888
soup-noise,B456/S01234568,48,48,wrap,0.1,soup-b,0.001,soup-b:noise:0,300,active,1648,0.7152777777777778,0.33990162037037036,-0.0000814872379673366,,,,0.6605902777777778
soup-noise,B456/S01234568,48,48,wrap,0.1,soup-b,0.001,soup-b:noise:1,300,active,1633,0.7087673611111112,0.3381004050925926,-0.00011085255163471336,,,,0.6610243055555556
soup-noise,B456/S01234568,48,48,wrap,0.1,soup-b,0.001,soup-b:noise:2,300,active,1662,0.7213541666666666,0.3419777199074074,-0.00003655288120156834,,,,0.6796875
soup-noise,B456/S01234568,48,48,wrap,0.1,soup-b,0.005,soup-b:noise:0,300,active,1637,0.7105034722222222,0.34195601851851853,0.00003244053132042851,,,,0.6575520833333334
soup-noise,B456/S01234568,48,48,wrap,0.1,soup-b,0.005,soup-b:noise:1,300,active,1637,0.7105034722222222,0.34011863425925926,-0.00006254148528912353,,,,0.6792534722222222
soup-noise,B456/S01234568,48,48,wrap,0.1,soup-b,0.005,soup-b:noise:2,300,active,1653,0.7174479166666666,0.3410300925925926,0.0000015556983421320737,,,,0.6723090277777778
soup-noise,B456/S01234568,48,48,wrap,0.1,soup-b,0.01,soup-b:noise:0,300,active,1667,0.7235243055555556,0.344212962962963,0.000011456693217251705,,,,0.6705729166666666
soup-noise,B456/S01234568,48,48,wrap,0.1,soup-b,0.01,soup-b:noise:1,300,active,1692,0.734375,0.3435474537037037,0.0000664488206600599,,,,0.6848958333333334
soup-noise,B456/S01234568,48,48,wrap,0.1,soup-b,0.01,soup-b:noise:2,300,active,1731,0.7513020833333334,0.34501591435185186,0.00010518450341144145,,,,0.7018229166666666
soup-noise,B456/S01234568,48,48,wrap,0.3,soup-a,0,soup-a:noise:0,300,active,1646,0.7144097222222222,0.333984375,-0.0000058007046710506,,,,0
soup-noise,B456/S01234568,48,48,wrap,0.3,soup-a,0,soup-a:noise:1,300,active,1646,0.7144097222222222,0.333984375,-0.0000058007046710506,,,,0
soup-noise,B456/S01234568,48,48,wrap,0.3,soup-a,0,soup-a:noise:2,300,active,1646,0.7144097222222222,0.333984375,-0.0000058007046710506,,,,0
soup-noise,B456/S01234568,48,48,wrap,0.3,soup-a,0.0001,soup-a:noise:0,300,active,1658,0.7196180555555556,0.3406032986111111,-0.000011914960945941773,,,,0.3975694444444444
soup-noise,B456/S01234568,48,48,wrap,0.3,soup-a,0.0001,soup-a:noise:1,300,active,1666,0.7230902777777778,0.3411603009259259,0.000056149856441604146,,,,0.3836805555555556
soup-noise,B456/S01234568,48,48,wrap,0.3,soup-a,0.0001,soup-a:noise:2,300,active,1580,0.6857638888888888,0.33969184027777777,-0.0000585617918557624,,,,0.4253472222222222
soup-noise,B456/S01234568,48,48,wrap,0.3,soup-a,0.0005,soup-a:noise:0,300,active,1664,0.7222222222222222,0.33967737268518516,-0.00010300170186162824,,,,0.4045138888888889
soup-noise,B456/S01234568,48,48,wrap,0.3,soup-a,0.0005,soup-a:noise:1,300,active,1594,0.6918402777777778,0.33936631944444445,-0.00001435101571424161,,,,0.4175347222222222
soup-noise,B456/S01234568,48,48,wrap,0.3,soup-a,0.0005,soup-a:noise:2,300,active,1696,0.7361111111111112,0.3409939236111111,0.00014042287981229354,,,,0.4045138888888889
soup-noise,B456/S01234568,48,48,wrap,0.3,soup-a,0.001,soup-a:noise:0,300,active,1663,0.7217881944444444,0.33569878472222225,0.000161310240498904,,,,0.3953993055555556
soup-noise,B456/S01234568,48,48,wrap,0.3,soup-a,0.001,soup-a:noise:1,300,active,1644,0.7135416666666666,0.3404803240740741,-0.000010286904541384953,,,,0.4010416666666667
soup-noise,B456/S01234568,48,48,wrap,0.3,soup-a,0.001,soup-a:noise:2,300,active,1670,0.7248263888888888,0.33642939814814815,0.00007018732055200518,,,,0.3967013888888889
soup-noise,B456/S01234568,48,48,wrap,0.3,soup-a,0.005,soup-a:noise:0,300,active,1622,0.7039930555555556,0.34322916666666664,-0.0001299550801148467,,,,0.4123263888888889
soup-noise,B456/S01234568,48,48,wrap,0.3,soup-a,0.005,soup-a:noise:1,300,active,1640,0.7118055555555556,0.34181857638888885,0.000017269457565373097,,,,0.4184027777777778
soup-noise,B456/S01234568,48,48,wrap,0.3,soup-a,0.005,soup-a:noise:2,300,active,1616,0.7013888888888888,0.341919849537037,-0.000056837258034639254,,,,0.4227430555555556
soup-noise,B456/S01234568,48,48,wrap,0.3,soup-a,0.01,soup-a:noise:0,300,active,1647,0.71484375,0.3391927083333333,0.00009659801333703806,,,,0.4049479166666667
soup-noise,B456/S01234568,48,48,wrap,0.3,soup-a,0.01,soup-a:noise:1,300,active,1689,0.7330729166666666,0.3416956018518518,0.00011884811753264795,,,,0.3988715277777778
soup-noise,B456/S01234568,48,48,wrap,0.3,soup-a,0.01,soup-a:noise:2,300,active,1605,0.6966145833333334,0.3450737847222222,0.00005440120326633942,,,,0.3936631944444444
soup-noise,B456/S01234568,48,48,wrap,0.3,soup-b,0,soup-b:noise:0,300,active,1692,0.734375,0.3354962384259259,-0.00007729047034670124,,,,0
soup-noise,B456/S01234568,48,48,wrap,0.3,soup-b,0,soup-b:noise:1,300,active,1692,0.734375,0.3354962384259259,-0.00007729047034670124,,,,0
soup-noise,B456/S01234568,48,48,wrap,0.3,soup-b,0,soup-b:noise:2,300,active,1692,0.734375,0.3354962384259259,-0.00007729047034670124,,,,0
soup-noise,B456/S01234568,48,48,wrap,0.3,soup-b,0.0001,soup-b:noise:0,300,active,1677,0.7278645833333334,0.33968460648148147,-0.000024830875088759222,,,,0.3910590277777778
soup-noise,B456/S01234568,48,48,wrap,0.3,soup-b,0.0001,soup-b:noise:1,300,active,1623,0.7044270833333334,0.33967737268518516,-0.0001285802769287765,,,,0.4283854166666667
soup-noise,B456/S01234568,48,48,wrap,0.3,soup-b,0.0001,soup-b:noise:2,300,active,1683,0.73046875,0.3400173611111111,0.00006779950449198851,,,,0.3927951388888889
soup-noise,B456/S01234568,48,48,wrap,0.3,soup-b,0.0005,soup-b:noise:0,300,active,1616,0.7013888888888888,0.3409288194444444,0.00015060124726004137,,,,0.3993055555555556
soup-noise,B456/S01234568,48,48,wrap,0.3,soup-b,0.0005,soup-b:noise:1,300,active,1682,0.7300347222222222,0.338013599537037,0.00009831048748109042,,,,0.3845486111111111
soup-noise,B456/S01234568,48,48,wrap,0.3,soup-b,0.0005,soup-b:noise:2,300,active,1662,0.7213541666666666,0.3433449074074074,0.000009008578771881078,,,,0.3993055555555556
soup-noise,B456/S01234568,48,48,wrap,0.3,soup-b,0.001,soup-b:noise:0,300,active,1702,0.7387152777777778,0.3396556712962963,-0.00001321740606958723,,,,0.3923611111111111
soup-noise,B456/S01234568,48,48,wrap,0.3,soup-b,0.001,soup-b:noise:1,300,active,1683,0.73046875,0.33878038194444443,0.0000041605885894229875,,,,0.3884548611111111
soup-noise,B456/S01234568,48,48,wrap,0.3,soup-b,0.001,soup-b:noise:2,300,active,1596,0.6927083333333334,0.33931568287037034,-0.00009401724244388874,,,,0.4071180555555556
soup-noise,B456/S01234568,48,48,wrap,0.3,soup-b,0.005,soup-b:noise:0,300,active,1602,0.6953125,0.3416160300925926,-0.00008196962505016825,,,,0.4253472222222222
soup-noise,B456/S01234568,48,48,wrap,0.3,soup-b,0.005,soup-b:noise:1,300,active,1698,0.7369791666666666,0.3420066550925926,0.00022714401762835356,,,,0.3888888888888889
soup-noise,B456/S01234568,48,48,wrap,0.3,soup-b,0.005,soup-b:noise:2,300,active,1681,0.7296006944444444,0.34149305555555554,-0.0000762292187644716,,,,0.3849826388888889
soup-noise,B456/S01234568,48,48,wrap,0.3,soup-b,0.01,soup-b:noise:0,300,active,1649,0.7157118055555556,0.34563078703703703,-0.000045609698681732576,,,,0.3919270833333333
soup-noise,B456/S01234568,48,48,wrap,0.3,soup-b,0.01,soup-b:noise:1,300,active,1665,0.72265625,0.34579716435185187,0.000023335475131981105,,,,0.3997395833333333
soup-noise,B456/S01234568,48,48,wrap,0.3,soup-b,0.01,soup-b:noise:2,300,active,1647,0.71484375,0.3413990162037037,0.00008442979917260967,,,,0.3980034722222222
soup-noise,B456/S01234568,48,48,wrap,0.5,soup-a,0,soup-a:noise:0,300,active,1716,0.7447916666666666,0.34210792824074077,-0.000028834687876261924,,,,0
soup-noise,B456/S01234568,48,48,wrap,0.5,soup-a,0,soup-a:noise:1,300,active,1716,0.7447916666666666,0.34210792824074077,-0.000028834687876261924,,,,0
soup-noise,B456/S01234568,48,48,wrap,0.5,soup-a,0,soup-a:noise:2,300,active,1716,0.7447916666666666,0.34210792824074077,-0.000028834687876261924,,,,0
soup-noise,B456/S01234568,48,48,wrap,0.5,soup-a,0.0001,soup-a:noise:0,300,active,1626,0.7057291666666666,0.3410734953703704,0.00006149229338396468,,,,0.4019097222222222
soup-noise,B456/S01234568,48,48,wrap,0.5,soup-a,0.0001,soup-a:noise:1,300,active,1672,0.7256944444444444,0.3386791087962963,-0.000019162826865487325,,,,0.3914930555555556
soup-noise,B456/S01234568,48,48,wrap,0.5,soup-a,0.0001,soup-a:noise:2,300,active,1640,0.7118055555555556,0.34033564814814815,0.00003230787487264981,,,,0.3940972222222222
soup-noise,B456/S01234568,48,48,wrap,0.5,soup-a,0.0005,soup-a:noise:0,300,active,1697,0.7365451388888888,0.3377170138888889,0.00019754957009663178,,,,0.3841145833333333
soup-noise,B456/S01234568,48,48,wrap,0.5,soup-a,0.0005,soup-a:noise:1,300,active,1720,0.7465277777777778,0.33561921296296293,0.000032259636164366646,,,,0.3741319444444444
soup-noise,B456/S01234568,48,48,wrap,0.5,soup-a,0.0005,soup-a:noise:2,300,active,1661,0.7209201388888888,0.3403790509259259,0.000015967012441727642,,,,0.4032118055555556
soup-noise,B456/S01234568,48,48,wrap,0.5,soup-a,0.001,soup-a:noise:0,300,active,1609,0.6983506944444444,0.33878038194444443,-0.000021430046154796083,,,,0.4240451388888889
soup-noise,B456/S01234568,48,48,wrap,0.5,soup-a,0.001,soup-a:noise:1,300,active,1614,0.7005208333333334,0.3375217013888889,-0.00002727898953412985,,,,0.3776041666666667
soup-noise,B456/S01234568,48,48,wrap,0.5,soup-a,0.001,soup-a:noise:2,300,active,1667,0.7235243055555556,0.34279513888888885,0.00003578106186903769,,,,0.3719618055555556
soup-noise,B456/S01234568,48,48,wrap,0.5,soup-a,0.005,soup-a:noise:0,300,active,1653,0.7174479166666666,0.3452618634259259,0.000004606796641042265,,,,0.3910590277777778
soup-noise,B456/S01234568,48,48,wrap,0.5,soup-a,0.005,soup-a:noise:1,300,active,1609,0.6983506944444444,0.3443576388888889,0.0000036902611836621286,,,,0.4171006944444444
soup-noise,B456/S01234568,48,48,wrap,0.5,soup-a,0.005,soup-a:noise:2,300,active,1692,0.734375,0.34398148148148144,-0.00006299975301781359,,,,0.3949652777777778
soup-noise,B456/S01234568,48,48,wrap,0.5,soup-a,0.01,soup-a:noise:0,300,active,1601,0.6948784722222222,0.34449508101851856,-0.00005210986462288907,,,,0.3901909722222222
soup-noise,B456/S01234568,48,48,wrap,0.5,soup-a,0.01,soup-a:noise:1,300,active,1641,0.7122395833333334,0.3449508101851852,-0.000052556072674508355,,,,0.3971354166666667
soup-noise,B456/S01234568,48,48,wrap,0.5,soup-a,0.01,soup-a:noise:2,300,active,1634,0.7092013888888888,0.3456958912037037,-0.00003194608456052607,,,,0.4131944444444444
soup-noise,B456/S01234568,48,48,wrap,0.5,soup-b,0,soup-b:noise:0,300,active,1673,0.7261284722222222,0.33761574074074074,0.000006765478836713902,,,,0
soup-noise,B456/S01234568,48,48,wrap,0.5,soup-b,0,soup-b:noise:1,300,active,1673,0.7261284722222222,0.33761574074074074,0.000006765478836713902,,,,0
soup-noise,B456/S01234568,48,48,wrap,0.5,soup-b,0,soup-b:noise:2,300,active,1673,0.7261284722222222,0.33761574074074074,0.000006765478836713902,,,,0
soup-noise,B456/S01234568,48,48,wrap,0.5,soup-b,0.0001,soup-b:noise:0,300,active,1697,0.7365451388888888,0.3392216435185185,-0.00001521931246333858,,,,0.4019097222222222
soup-noise,B456/S01234568,48,48,wrap,0.5,soup-b,0.0001,soup-b:noise:1,300,active,1643,0.7131076388888888,0.3381872106481481,0.000005463033713068444,,,,0.4105902777777778
soup-noise,B456/S01234568,48,48,wrap,0.5,soup-b,0.0001,soup-b:noise:2,300,active,1691,0.7339409722222222,0.3345630787037037,0.00000979245778148251,,,,0.3819444444444444
soup-noise,B456/S01234568,48,48,wrap,0.5,soup-b,0.0005,soup-b:noise:0,300,active,1666,0.7230902777777778,0.3375072337962963,0.00006843866737674046,,,,0.4058159722222222
soup-noise,B456/S01234568,48,48,wrap,0.5,soup-b,0.0005,soup-b:noise:1,300,active,1685,0.7313368055555556,0.3383174189814815,0.00010818736300206848,,,,0.3819444444444444
soup-noise,B456/S01234568,48,48,wrap,0.5,soup-b,0.0005,soup-b:noise:2,300,active,1650,0.7161458333333334,0.3379340277777778,-0.00008253642987249544,,,,0.3997395833333333
soup-noise,B456/S01234568,48,48,wrap,0.5,soup-b,0.001,soup-b:noise:0,300,active,1594,0.6918402777777778,0.3392361111111111,0.000003569664412954216,,,,0.4153645833333333
soup-noise,B456/S01234568,48,48,wrap,0.5,soup-b,0.001,soup-b:noise:1,300,active,1679,0.7287326388888888,0.33543836805555555,0.00005734376447161249,,,,0.3967013888888889
soup-noise,B456/S01234568,48,48,wrap,0.5,soup-b,0.001,soup-b:noise:2,300,active,1739,0.7547743055555556,0.34346788194444444,0.00007935267512580655,,,,0.3741319444444444
soup-noise,B456/S01234568,48,48,wrap,0.5,soup-b,0.005,soup-b:noise:0,300,active,1559,0.6766493055555556,0.34075520833333334,-0.00002462586057855577,,,,0.4114583333333333
soup-noise,B456/S01234568,48,48,wrap,0.5,soup-b,0.005,soup-b:noise:1,300,active,1650,0.7161458333333334,0.3414496527777778,0.00007405847689172918,,,,0.3971354166666667
soup-noise,B456/S01234568,48,48,wrap,0.5,soup-b,0.005,soup-b:noise:2,300,active,1684,0.7309027777777778,0.3409215856481482,-0.0000161599672748603,,,,0.3980034722222222
soup-noise,B456/S01234568,48,48,wrap,0.5,soup-b,0.01,soup-b:noise:0,300,active,1653,0.7174479166666666,0.3440031828703704,0.00001689560757617857,,,,0.3949652777777778
soup-noise,B456/S01234568,48,48,wrap,0.5,soup-b,0.01,soup-b:noise:1,300,active,1644,0.7135416666666666,0.34760561342592594,-0.000009816577135624092,,,,0.4040798611111111
soup-noise,B456/S01234568,48,48,wrap,0.5,soup-b,0.01,soup-b:noise:2,300,active,1610,0.6987847222222222,0.3423032407407407,0.00008086013475965546,,,,0.4144965277777778
